0.0492158, -0.000424168
-0.000424168, 0.00043003
0.0492188, -0.000429984
-0.000429984, 0.000432799
0.0492202, -0.000435913
-0.000435913, 0.000435747
0.04922, -0.00044197
-0.00044197, 0.000438882
0.0492182, -0.000448169
-0.000448169, 0.000442209
0.0492149, -0.000454524
-0.000454524, 0.000445737
0.0492099, -0.00046105
-0.00046105, 0.000449474
0.0492034, -0.000467764
-0.000467764, 0.000453429
0.0491952, -0.000474681
-0.000474681, 0.00045761
0.0491854, -0.000481819
-0.000481819, 0.000462027
0.0491739, -0.000489194
-0.000489194, 0.000466691
0.0491607, -0.000496824
-0.000496824, 0.000471612
0.0491458, -0.000504729
-0.000504729, 0.000476802
0.049129, -0.000512928
-0.000512928, 0.000482272
0.0491105, -0.000521441
-0.000521441, 0.000488036
0.0490901, -0.000530288
-0.000530288, 0.000494107
0.0490677, -0.000539491
-0.000539491, 0.000500498
0.0490434, -0.000549072
-0.000549072, 0.000507225
0.049017, -0.000559055
-0.000559055, 0.000514303
0.0489885, -0.000569462
-0.000569462, 0.000521748
0.0489577, -0.000580319
-0.000580319, 0.000529577
0.0489247, -0.000591649
-0.000591649, 0.000537807
0.0488892, -0.00060348
-0.00060348, 0.000546456
0.0488512, -0.000615836
-0.000615836, 0.000555545
0.0488106, -0.000628745
-0.000628745, 0.000565091
0.0487673, -0.000642233
-0.000642233, 0.000575116
0.048721, -0.000656327
-0.000656327, 0.00058564
0.0486717, -0.000671056
-0.000671056, 0.000596685
0.0486192, -0.000686446
-0.000686446, 0.000608274
0.0485634, -0.000702524
-0.000702524, 0.000620428
0.0485039, -0.000719316
-0.000719316, 0.00063317
0.0484407, -0.000736849
-0.000736849, 0.000646524
0.0483735, -0.000755147
-0.000755147, 0.000660514
0.048302, -0.000774233
-0.000774233, 0.000675161
0.048226, -0.000794129
-0.000794129, 0.000690491
0.0481453, -0.000814852
-0.000814852, 0.000706524
0.0480594, -0.00083642
-0.00083642, 0.000723285
0.0479682, -0.000858844
-0.000858844, 0.000740793
0.0478712, -0.000882134
-0.000882134, 0.00075907
0.0477681, -0.000906293
-0.000906293, 0.000778133
0.0476584, -0.000931319
-0.000931319, 0.000798001
0.0475419, -0.000957204
-0.000957204, 0.000818688
0.0474179, -0.000983933
-0.000983933, 0.000840206
0.047286, -0.00101148
-0.00101148, 0.000862564
0.0471458, -0.00103982
-0.00103982, 0.000885767
0.0469966, -0.0010689
-0.0010689, 0.000909817
0.046838, -0.00109868
-0.00109868, 0.000934709
0.0466694, -0.00112908
-0.00112908, 0.000960435
0.04649, -0.00116003
-0.00116003, 0.000986979
0.0462994, -0.00119144
-0.00119144, 0.00101432
0.0460969, -0.0012232
-0.0012232, 0.00104243
0.0458818, -0.00125518
-0.00125518, 0.00107127
0.0456535, -0.00128726
-0.00128726, 0.00110079
0.0454114, -0.00131927
-0.00131927, 0.00113095
0.0451548, -0.00135105
-0.00135105, 0.00116167
0.0448831, -0.00138241
-0.00138241, 0.00119288
0.0445957, -0.00141315
-0.00141315, 0.0012245
0.0442921, -0.00144306
-0.00144306, 0.00125643
0.0439719, -0.00147191
-0.00147191, 0.00128857
0.0436346, -0.00149947
-0.00149947, 0.00132081
0.04328, -0.00152548
-0.00152548, 0.00135301
0.0429079, -0.0015497
-0.0015497, 0.00138504
0.0425182, -0.00157188
-0.00157188, 0.00141677
0.042111, -0.00159175
-0.00159175, 0.00144803
0.0416864, -0.00160907
-0.00160907, 0.00147869
0.041245, -0.00162361
-0.00162361, 0.00150857
0.0407872, -0.00163513
-0.00163513, 0.00153752
0.0403138, -0.00164344
-0.00164344, 0.00156537
0.0398258, -0.00164833
-0.00164833, 0.00159197
0.0393241, -0.00164965
-0.00164965, 0.00161715
0.0388102, -0.00164727
-0.00164727, 0.00164077
0.0382855, -0.00164108
-0.00164108, 0.00166268
0.0377515, -0.00163101
-0.00163101, 0.00168276
0.0372101, -0.00161702
-0.00161702, 0.00170088
0.036663, -0.00159912
-0.00159912, 0.00171693
0.0361123, -0.00157733
-0.00157733, 0.00173084
0.0355598, -0.00155172
-0.00155172, 0.00174251
0.0350075, -0.00152239
-0.00152239, 0.00175191
0.0344575, -0.00148946
-0.00148946, 0.00175899
0.0339116, -0.00145307
-0.00145307, 0.00176373
0.0333717, -0.0014134
-0.0014134, 0.00176613
0.0328394, -0.00137061
-0.00137061, 0.00176622
0.0323163, -0.00132492
-0.00132492, 0.00176402
0.0318038, -0.00127651
-0.00127651, 0.00175959
0.0313031, -0.0012256
-0.0012256, 0.00175299
0.0308151, -0.00117238
-0.00117238, 0.0017443
0.0303405, -0.00111706
-0.00111706, 0.00173362
0.02988, -0.00105982
-0.00105982, 0.00172104
0.0294338, -0.00100086
-0.00100086, 0.00170669
0.029002, -0.000940333
-0.000940333, 0.00169067
0.0285845, -0.000878416
-0.000878416, 0.00167311
0.0281811, -0.000815256
-0.000815256, 0.00165414
0.0277912, -0.000750991
-0.000750991, 0.0016339
0.0274143, -0.00068575
-0.00068575, 0.00161251
0.0270496, -0.000619653
-0.000619653, 0.00159012
0.0266963, -0.000552809
-0.000552809, 0.00156685
0.0263534, -0.000485323
-0.000485323, 0.00154285
0.02602, -0.000417292
-0.000417292, 0.00151824
0.025695, -0.00034881
-0.00034881, 0.00149315
0.0253773, -0.00027997
-0.00027997, 0.00146771
0.025066, -0.000210862
-0.000210862, 0.00144205
0.0247599, -0.000141579
-0.000141579, 0.00141628
0.0244581, -7.22137e-05
-7.22137e-05, 0.00139053
0.0241595, -2.86266e-06
-2.86266e-06, 0.00136489
0.0238633, 6.63742e-05
6.63742e-05, 0.00133947
0.0235685, 0.000135393
0.000135393, 0.00131439
0.0232745, 0.000204085
0.000204085, 0.00128972
0.0229804, 0.000272337
0.000272337, 0.00126557
0.0226856, 0.000340031
0.000340031, 0.00124202
0.0223896, 0.000407045
0.000407045, 0.00121914
0.0220919, 0.000473253
0.000473253, 0.001197
0.021792, 0.000538524
0.000538524, 0.00117568
0.0214897, 0.000602725
0.000602725, 0.00115524
0.0211846, 0.000665722
0.000665722, 0.00113572
0.0208767, 0.000727378
0.000727378, 0.00111718
0.0205658, 0.000787557
0.000787557, 0.00109965
0.0202518, 0.000846123
0.000846123, 0.00108317
0.0199348, 0.000902942
0.000902942, 0.00106777
0.0196149, 0.000957883
0.000957883, 0.00105347
0.0192923, 0.00101082
0.00101082, 0.00104028
0.018967, 0.00106162
0.00106162, 0.00102821
0.0186394, 0.00111018
0.00111018, 0.00101726
0.0183096, 0.00115638
0.00115638, 0.00100743
0.017978, 0.00120012
0.00120012, 0.000998711
0.017645, 0.0012413
0.0012413, 0.000991082
0.0173108, 0.00127984
0.00127984, 0.000984522
0.0169758, 0.00131566
0.00131566, 0.000979003
0.0166405, 0.0013487
0.0013487, 0.000974494
0.0163051, 0.00137889
0.00137889, 0.000970957
0.0159702, 0.0014062
0.0014062, 0.000968349
0.015636, 0.00143059
0.00143059, 0.000966625
0.015303, 0.00145204
0.00145204, 0.000965736
0.0149716, 0.00147053
0.00147053, 0.000965628
0.0146421, 0.00148607
0.00148607, 0.000966245
0.0143149, 0.00149867
0.00149867, 0.000967529
0.0139904, 0.00150834
0.00150834, 0.000969419
0.0136688, 0.00151513
0.00151513, 0.000971853
0.0133506, 0.00151908
0.00151908, 0.000974768
0.0130359, 0.00152023
0.00152023, 0.0009781
0.0127251, 0.00151865
0.00151865, 0.000981783
0.0124184, 0.00151441
0.00151441, 0.000985754
0.0121161, 0.0015076
0.0015076, 0.000989947
0.0118183, 0.00149828
0.00149828, 0.000994301
0.0115253, 0.00148657
0.00148657, 0.000998752
0.0112372, 0.00147255
0.00147255, 0.00100324
0.0109542, 0.00145634
0.00145634, 0.00100771
0.0106763, 0.00143803
0.00143803, 0.00101209
0.0104036, 0.00141775
0.00141775, 0.00101635
0.0101364, 0.00139561
0.00139561, 0.00102042
0.0098745, 0.00137173
0.00137173, 0.00102425
0.00961809, 0.00134623
0.00134623, 0.0010278
0.00936715, 0.00131923
0.00131923, 0.00103103
0.00912171, 0.00129086
0.00129086, 0.0010339
0.00888175, 0.00126124
0.00126124, 0.00103637
0.00864727, 0.00123049
0.00123049, 0.0010384
0.00841825, 0.00119873
0.00119873, 0.00103998
0.00819463, 0.00116609
0.00116609, 0.00104106
0.00797639, 0.00113269
0.00113269, 0.00104164
0.00776348, 0.00109863
0.00109863, 0.00104169
0.00755582, 0.00106405
0.00106405, 0.0010412
0.00735337, 0.00102904
0.00102904, 0.00104015
0.00715606, 0.000993722
0.000993722, 0.00103854
0.00696381, 0.000958199
0.000958199, 0.00103636
0.00677656, 0.000922575
0.000922575, 0.00103362
0.00659422, 0.000886949
0.000886949, 0.00103031
0.00641672, 0.000851417
0.000851417, 0.00102643
0.00624399, 0.000816071
0.000816071, 0.001022
0.00607594, 0.000780999
0.000780999, 0.00101703
0.0059125, 0.000746286
0.000746286, 0.00101153
0.00575358, 0.000712012
0.000712012, 0.00100551
0.00559909, 0.000678253
0.000678253, 0.000998994
0.00544897, 0.00064508
0.00064508, 0.000992001
0.00530312, 0.000612563
0.000612563, 0.000984554
0.00516145, 0.000580763
0.000580763, 0.000976675
0.00502389, 0.00054974
0.00054974, 0.000968391
0.00489033, 0.000519549
0.000519549, 0.000959728
0.0047607, 0.000490239
0.000490239, 0.000950714
0.00463491, 0.000461856
0.000461856, 0.000941379
0.00451284, 0.000434442
0.000434442, 0.000931754
0.00439442, 0.000408033
0.000408033, 0.000921868
0.00427954, 0.00038266
0.00038266, 0.000911753
0.0041681, 0.000358351
0.000358351, 0.000901442
0.00405999, 0.000335128
0.000335128, 0.000890966
0.00395513, 0.000313011
0.000313011, 0.000880357
0.00385339, 0.000292011
0.000292011, 0.000869647
0.00375466, 0.000272139
0.000272139, 0.000858867
0.00365886, 0.000253399
0.000253399, 0.000848049
0.00356585, 0.000235791
0.000235791, 0.000837224
0.00347553, 0.000219312
0.000219312, 0.000826419
0.00338779, 0.000203952
0.000203952, 0.000815665
0.00330253, 0.000189701
0.000189701, 0.00080499
0.00321963, 0.000176542
0.000176542, 0.000794419
0.00313898, 0.000164457
0.000164457, 0.000783978
0.00306049, 0.000153421
0.000153421, 0.000773692
0.00298404, 0.00014341
0.00014341, 0.000763582
0.00290954, 0.000134394
0.000134394, 0.000753672
0.0028369, 0.000126342
0.000126342, 0.000743979
0.00276602, 0.000119221
0.000119221, 0.000734523
0.00269681, 0.000112994
0.000112994, 0.00072532
0.00262919, 0.000107624
0.000107624, 0.000716385
0.00256308, 0.000103072
0.000103072, 0.000707733
0.0024984, 9.92962e-05
9.92962e-05, 0.000699375
0.00243509, 9.6256e-05
9.6256e-05, 0.000691322
0.00237308, 9.39091e-05
9.39091e-05, 0.000683583
0.00231231, 9.22127e-05
9.22127e-05, 0.000676165
0.00225272, 9.1124e-05
9.1124e-05, 0.000669075
0.00219428, 9.06001e-05
9.06001e-05, 0.000662318
0.00213693, 9.05983e-05
9.05983e-05, 0.000655896
0.00208063, 9.10766e-05
9.10766e-05, 0.000649812
0.00202535, 9.19933e-05
9.19933e-05, 0.000644066
0.00197106, 9.33078e-05
9.33078e-05, 0.000638659
0.00191773, 9.49802e-05
9.49802e-05, 0.00063359
0.00186533, 9.69719e-05
9.69719e-05, 0.000628855
0.00181385, 9.92453e-05
9.92453e-05, 0.000624452
0.00176327, 0.000101764
0.000101764, 0.000620375
0.00171357, 0.000104494
0.000104494, 0.000616621
0.00166475, 0.000107402
0.000107402, 0.000613183
0.00161679, 0.000110455
0.000110455, 0.000610053
0.0015697, 0.000113623
0.000113623, 0.000607226
0.00152345, 0.000116878
0.000116878, 0.000604693
0.00147806, 0.000120192
0.000120192, 0.000602445
0.00143351, 0.000123539
0.000123539, 0.000600472
0.0013898, 0.000126897
0.000126897, 0.000598767
0.00134695, 0.000130241
0.000130241, 0.000597317
0.00130493, 0.000133551
0.000133551, 0.000596112
0.00126376, 0.000136808
0.000136808, 0.000595142
0.00122343, 0.000139993
0.000139993, 0.000594394
0.00118395, 0.000143089
0.000143089, 0.000593857
0.00114531, 0.000146081
0.000146081, 0.000593518
0.00110751, 0.000148955
0.000148955, 0.000593365
0.00107056, 0.000151698
0.000151698, 0.000593385
0.00103445, 0.000154298
0.000154298, 0.000593564
0.000999182, 0.000156745
0.000156745, 0.000593888
0.000964753, 0.000159029
0.000159029, 0.000594343
0.000931161, 0.000161141
0.000161141, 0.000594916
0.000898403, 0.000163074
0.000163074, 0.000595591
0.000866476, 0.000164822
0.000164822, 0.000596353
0.000835373, 0.00016638
0.00016638, 0.000597186
0.000805091, 0.000167741
0.000167741, 0.000598077
0.000775624, 0.000168903
0.000168903, 0.000599007
0.000746965, 0.000169862
0.000169862, 0.000599963
0.000719107, 0.000170617
0.000170617, 0.000600926
0.000692043, 0.000171164
0.000171164, 0.000601881
0.000665764, 0.000171505
0.000171505, 0.000602811
0.000640262, 0.000171638
0.000171638, 0.000603699
0.000615527, 0.000171563
0.000171563, 0.000604529
0.000591548, 0.000171283
0.000171283, 0.000605284
0.000568317, 0.000170799
0.000170799, 0.000605947
0.000545821, 0.000170112
0.000170112, 0.000606501
0.000524051, 0.000169227
0.000169227, 0.00060693
0.000502993, 0.000168147
0.000168147, 0.000607218
0.000482636, 0.000166875
0.000166875, 0.000607348
0.000462969, 0.000165417
0.000165417, 0.000607306
0.000443977, 0.000163778
0.000163778, 0.000607077
0.000425649, 0.000161963
0.000161963, 0.000606645
0.000407971, 0.000159979
0.000159979, 0.000605997
0.00039093, 0.000157832
0.000157832, 0.00060512
0.000374513, 0.000155529
0.000155529, 0.000604002
0.000358706, 0.000153079
0.000153079, 0.000602632
0.000343495, 0.000150489
0.000150489, 0.000600999
0.000328866, 0.000147767
0.000147767, 0.000599094
0.000314806, 0.000144922
0.000144922, 0.000596909
0.0003013, 0.000141963
0.000141963, 0.000594437
0.000288335, 0.0001389
0.0001389, 0.000591673
0.000275895, 0.000135741
0.000135741, 0.000588613
0.000263968, 0.000132496
0.000132496, 0.000585254
0.000252539, 0.000129176
0.000129176, 0.000581594
0.000241594, 0.000125789
0.000125789, 0.000577634
0.000231118, 0.000122347
0.000122347, 0.000573375
0.000221098, 0.000118858
0.000118858, 0.000568821
0.00021152, 0.000115333
0.000115333, 0.000563974
0.00020237, 0.000111781
0.000111781, 0.000558842
0.000193634, 0.000108212
0.000108212, 0.000553431
0.000185298, 0.000104635
0.000104635, 0.000547749
0.000177349, 0.00010106
0.00010106, 0.000541807
0.000169773, 9.74947e-05
9.74947e-05, 0.000535614
0.000162557, 9.39485e-05
9.39485e-05, 0.000529184
0.000155688, 9.04294e-05
9.04294e-05, 0.000522527
0.000149152, 8.69451e-05
8.69451e-05, 0.000515659
0.000142938, 8.35029e-05
8.35029e-05, 0.000508593
0.000137032, 8.01098e-05
8.01098e-05, 0.000501345
0.000131423, 7.67723e-05
7.67723e-05, 0.000493929
0.000126097, 7.34962e-05
7.34962e-05, 0.000486363
0.000121044, 7.02872e-05
7.02872e-05, 0.000478662
0.000116251, 6.715e-05
6.715e-05, 0.000470842
0.000111707, 6.40892e-05
6.40892e-05, 0.000462921
0.000107402, 6.11087e-05
6.11087e-05, 0.000454914
0.000103323, 5.8212e-05
5.8212e-05, 0.000446839
9.94618e-05, 5.54019e-05
5.54019e-05, 0.000438711
9.58068e-05, 5.26809e-05
5.26809e-05, 0.000430547
9.23487e-05, 5.0051e-05
5.0051e-05, 0.000422361
8.90777e-05, 4.75137e-05
4.75137e-05, 0.000414169
8.59846e-05, 4.50699e-05
4.50699e-05, 0.000405986
8.30606e-05, 4.27205e-05
4.27205e-05, 0.000397825
8.02969e-05, 4.04656e-05
4.04656e-05, 0.0003897
7.76853e-05, 3.83052e-05
3.83052e-05, 0.000381622
7.52179e-05, 3.62387e-05
3.62387e-05, 0.000373606
7.2887e-05, 3.42655e-05
3.42655e-05, 0.00036566
7.06853e-05, 3.23844e-05
3.23844e-05, 0.000357797
6.86058e-05, 3.05942e-05
3.05942e-05, 0.000350025
6.66418e-05, 2.88933e-05
2.88933e-05, 0.000342354
6.47868e-05, 2.728e-05
2.728e-05, 0.000334791
6.30348e-05, 2.57523e-05
2.57523e-05, 0.000327346
6.138e-05, 2.43081e-05
2.43081e-05, 0.000320024
5.98169e-05, 2.29454e-05
2.29454e-05, 0.000312832
5.83403e-05, 2.16617e-05
2.16617e-05, 0.000305775
5.6945e-05, 2.04548e-05
2.04548e-05, 0.00029886
5.56266e-05, 1.93222e-05
1.93222e-05, 0.000292089
5.43804e-05, 1.82616e-05
1.82616e-05, 0.000285467
5.32024e-05, 1.72704e-05
1.72704e-05, 0.000278999
5.20885e-05, 1.63465e-05
1.63465e-05, 0.000272687
5.10349e-05, 1.54874e-05
1.54874e-05, 0.000266535
5.00383e-05, 1.46908e-05
1.46908e-05, 0.000260546
4.90953e-05, 1.39548e-05
1.39548e-05, 0.000254722
4.82027e-05, 1.32773e-05
1.32773e-05, 0.000249066
4.73578e-05, 1.26564e-05
1.26564e-05, 0.000243582
4.65578e-05, 1.20905e-05
1.20905e-05, 0.000238272
4.58001e-05, 1.15782e-05
1.15782e-05, 0.00023314
4.50826e-05, 1.11183e-05
1.11183e-05, 0.000228188
4.4403e-05, 1.07097e-05
1.07097e-05, 0.000223422
4.37594e-05, 1.03518e-05
1.03518e-05, 0.000218845
4.315e-05, 1.00443e-05
1.00443e-05, 0.000214463
4.25731e-05, 9.78699e-06
9.78699e-06, 0.00021028
4.20272e-05, 9.58022e-06
9.58022e-06, 0.000206302
4.15111e-05, 9.42458e-06
9.42458e-06, 0.000202536
4.10235e-05, 9.32098e-06
9.32098e-06, 0.000198989
4.05635e-05, 9.27067e-06
9.27067e-06, 0.000195667
4.01301e-05, 9.27518e-06
9.27518e-06, 0.000192576
3.97226e-05, 9.3363e-06
9.3363e-06, 0.000189725
3.93403e-05, 9.45598e-06
9.45598e-06, 0.000187118
3.89827e-05, 9.63623e-06
9.63623e-06, 0.00018476
3.86491e-05, 9.87905e-06
9.87905e-06, 0.000182656
3.83392e-05, 1.01862e-05
1.01862e-05, 0.000180805
3.80525e-05, 1.05591e-05
1.05591e-05, 0.000179204
3.77884e-05, 1.09984e-05
1.09984e-05, 0.000177849
3.75464e-05, 1.15041e-05
1.15041e-05, 0.000176727
3.73256e-05, 1.20748e-05
1.20748e-05, 0.00017582
3.71251e-05, 1.27077e-05
1.27077e-05, 0.000175106
3.69435e-05, 1.33982e-05
1.33982e-05, 0.000174551
3.67794e-05, 1.41396e-05
1.41396e-05, 0.000174116
3.66306e-05, 1.49231e-05
1.49231e-05, 0.000173753
3.64947e-05, 1.57374e-05
1.57374e-05, 0.000173406
3.63687e-05, 1.65686e-05
1.65686e-05, 0.000173013
3.62494e-05, 1.74009e-05
1.74009e-05, 0.000172505
3.6133e-05, 1.82165e-05
1.82165e-05, 0.000171813
3.60154e-05, 1.89963e-05
1.89963e-05, 0.000170865
3.58925e-05, 1.97204e-05
1.97204e-05, 0.000169596
3.57599e-05, 2.03695e-05
2.03695e-05, 0.000167945
3.56138e-05, 2.09254e-05
2.09254e-05, 0.000165866
3.54505e-05, 2.1372e-05
2.1372e-05, 0.000163325
3.52672e-05, 2.16968e-05
2.16968e-05, 0.000160306
3.50617e-05, 2.18906e-05
2.18906e-05, 0.000156812
3.48327e-05, 2.19492e-05
2.19492e-05, 0.000152866
3.45802e-05, 2.18725e-05
2.18725e-05, 0.000148507
3.43048e-05, 2.16652e-05
2.16652e-05, 0.000143789
3.40084e-05, 2.13359e-05
2.13359e-05, 0.000138782
3.36935e-05, 2.08965e-05
2.08965e-05, 0.00013356
3.33633e-05, 2.03617e-05
2.03617e-05, 0.000128204
3.30215e-05, 1.97477e-05
1.97477e-05, 0.000122793
3.2672e-05, 1.90714e-05
1.90714e-05, 0.000117404
3.23186e-05, 1.83497e-05
1.83497e-05, 0.000112104
3.19651e-05, 1.75988e-05
1.75988e-05, 0.000106957
3.16151e-05, 1.68334e-05
1.68334e-05, 0.00010201
3.12716e-05, 1.60666e-05
1.60666e-05, 9.73058e-05
3.09375e-05, 1.53097e-05
1.53097e-05, 9.28724e-05
3.06148e-05, 1.45719e-05
1.45719e-05, 8.873e-05
3.03053e-05, 1.38604e-05
1.38604e-05, 8.48895e-05
3.00104e-05, 1.31809e-05
1.31809e-05, 8.13547e-05
2.97308e-05, 1.2537e-05
1.2537e-05, 7.81227e-05
2.94672e-05, 1.19313e-05
1.19313e-05, 7.51861e-05
2.92197e-05, 1.1365e-05
1.1365e-05, 7.25336e-05
2.89882e-05, 1.08384e-05
1.08384e-05, 7.01514e-05
2.87724e-05, 1.0351e-05
1.0351e-05, 6.8024e-05
2.85719e-05, 9.90163e-06
9.90163e-06, 6.6135e-05
2.83862e-05, 9.48888e-06
9.48888e-06, 6.44678e-05
2.82145e-05, 9.1109e-06
9.1109e-06, 6.3006e-05
2.80563e-05, 8.76571e-06
8.76571e-06, 6.17339e-05
2.79107e-05, 8.45121e-06
8.45121e-06, 6.06364e-05
2.7777e-05, 8.16529e-06
8.16529e-06, 5.96998e-05
2.76545e-05, 7.9059e-06
7.9059e-06, 5.89115e-05
2.75424e-05, 7.67102e-06
7.67102e-06, 5.82601e-05
2.74402e-05, 7.45877e-06
7.45877e-06, 5.77354e-05
2.73471e-05, 7.26737e-06
7.26737e-06, 5.73287e-05
2.72626e-05, 7.09519e-06
7.09519e-06, 5.70325e-05
2.7186e-05, 6.94074e-06
6.94074e-06, 5.68404e-05
2.7117e-05, 6.80269e-06
6.80269e-06, 5.67474e-05
2.7055e-05, 6.67985e-06
6.67985e-06, 5.67496e-05
2.69996e-05, 6.57118e-06
6.57118e-06, 5.68442e-05
2.69504e-05, 6.47581e-06
6.47581e-06, 5.70296e-05
2.69072e-05, 6.393e-06
6.393e-06, 5.73052e-05
2.68696e-05, 6.32216e-06
6.32216e-06, 5.76715e-05
2.68374e-05, 6.26286e-06
6.26286e-06, 5.813e-05
2.68105e-05, 6.21481e-06
6.21481e-06, 5.86834e-05
2.67887e-05, 6.17785e-06
6.17785e-06, 5.93353e-05
2.67719e-05, 6.15201e-06
6.15201e-06, 6.00904e-05
2.67601e-05, 6.13743e-06
6.13743e-06, 6.09544e-05
2.67532e-05, 6.13443e-06
6.13443e-06, 6.19342e-05
2.67512e-05, 6.14351e-06
6.14351e-06, 6.30377e-05
2.67544e-05, 6.1653e-06
6.1653e-06, 6.4274e-05
2.67628e-05, 6.20064e-06
6.20064e-06, 6.56531e-05
