0.06468383062443259, -0.0008303181230209233, -0.0008303181230209788, 0.001205180539587403
0.06428989821656639, -0.0008340229036087887, -0.0008340229036087887, 0.001208390873348009
0.06389559633733546, -0.0008376632609579104, -0.0008376632609579104, 0.001211540922699705
0.06350110926451016, -0.0008412338238062977, -0.0008412338238062977, 0.001214631433568036
0.06310661180912439, -0.0008447293661669741, -0.0008447293661670296, 0.001217663180442141
0.06271226950063238, -0.000848144807044704, -0.0008481448070447595, 0.001220636964981314
0.06231823877961867, -0.0008514752100778344, -0.00085147521007789, 0.001223553614598583
0.06192466719705625, -0.0008547157831308438, -0.0008547157831308994, 0.001226413981017416
0.06153169361917213, -0.0008578618778675717, -0.0008578618778675717, 0.001229218938791687
0.06113944843703614, -0.0008609089893282795, -0.0008609089893282795, 0.001231969383784559
0.06074805378004686, -0.0008638527555409059, -0.0008638527555409614, 0.001234666231600623
0.06035762373254996, -0.0008666889571887215, -0.0008666889571887215, 0.001237310415958204
0.05996826455287438, -0.0008694135173620277, -0.0008694135173620832, 0.001239902886996158
0.05958007489413383, -0.0008720225014188787, -0.0008720225014188787, 0.00124244460950762
0.05919314602618814, -0.0008745121169772552, -0.0008745121169772552, 0.001244936561085264
0.05880756205821369, -0.0008768787140655543, -0.0008768787140655543, 0.001247379730175302
0.0584234001613845, -0.0008791187854523264, -0.0008791187854523264, 0.001249775114017804
0.05804073079120828, -0.0008812289671795148, -0.0008812289671795148, 0.001252123716474207
0.05765961790911456, -0.0008832060393196284, -0.0008832060393196284, 0.001254426545721388
0.05728011920293175, -0.0008850469269817696, -0.0008850469269818251, 0.001256684611797398
0.05690228630593799, -0.000886748701582063, -0.000886748701582063, 0.001258898923992224
0.05652616501420601, -0.0008883085824031856, -0.0008883085824032411, 0.001261070488062677
0.05615179550200836, -0.0008897239384594857, -0.0008897239384594857, 0.001263200303257106
0.05577921253508128, -0.0008909922906858436, -0.0008909922906858436, 0.001265289359135502
0.05540844568158584, -0.0008921113144669257, -0.0008921113144669257, 0.001267338632165438
0.05503951952063402, -0.0008930788425244307, -0.0008930788425244307, 0.001269349082078874
0.05467245384828887, -0.0008938928681729297, -0.0008938928681729297, 0.001271321647966728
0.05430726388096746, -0.0008945515489595102, -0.0008945515489595102, 0.001273257244100101
0.05394396045621438, -0.000895053210697494, -0.0008950532106975495, 0.001275156755446871
0.05358255023083705, -0.0008953963519015007, -0.0008953963519015007, 0.001277021032877745
0.05322303587641936, -0.0008955796486327938, -0.0008955796486327938, 0.001278850888022598
0.05286541627225982, -0.0008956019597554654, -0.0008956019597554654, 0.001280647087775755
0.052509686695799, -0.0008954623326071776, -0.0008954623326071776, 0.0012824103484117
0.05215583901062543, -0.0008951600090812972, -0.0008951600090813527, 0.001284141329298882
0.05180386185217151, -0.0008946944321132078, -0.0008946944321132078, 0.001285840626184309
0.05145374081122603, -0.0008940652525631365, -0.000894065252563192, 0.001287508764027834
0.05110545861541299, -0.0008932723364790673, -0.0008932723364790673, 0.001289146189368151
0.05075899530880132, -0.0008923157727210862, -0.0008923157727210862, 0.001290753262187416
0.05041432842982299, -0.0008911958809219023, -0.0008911958809219023, 0.001292330247269047
0.0500714331876948, -0.0008899132197527915, -0.0008899132197527915, 0.001293877305011182
0.04973028263755128, -0.0008884685954560489, -0.0008884685954560489, 0.001295394481690137
0.04939084785450459, -0.0008868630705997083, -0.0008868630705997083, 0.001296881699147545
0.04905309810685832, -0.0008850979730011255, -0.0008850979730011255, 0.001298338743886185
0.04871700102871276, -0.000883174904753814, -0.000883174904753814, 0.001299765255567964
0.04838252279219846, -0.0008810957512925821, -0.0008810957512925821, 0.001301160714887284
0.04804962827958584, -0.0008788626904057684, -0.0008788626904058239, 0.001302524430829788
0.04771828125551605, -0.0008764782011077554, -0.0008764782011078109, 0.001303855527298392
0.04738844453959742, -0.0008739450722623499, -0.0008739450722623499, 0.001305152929115483
0.04706008017961022, -0.0008712664108403434, -0.0008712664108403434, 0.001306415347401058
0.04673314962555616, -0.0008684456496755866, -0.0008684456496755866, 0.001307641264343573
0.04640761390477516, -0.0008654865545764667, -0.0008654865545764667, 0.001308828917377935
0.04608343379834257, -0.0008623932306262017, -0.0008623932306262017, 0.001309976282797942
0.04576057001894024, -0.0008591701274960339, -0.0008591701274960339, 0.001311081058841701
0.04543898339037269, -0.0008558220435744279, -0.0008558220435744279, 0.001312140648287885
0.04511863502887078, -0.0008523541286994396, -0.0008523541286994951, 0.001313152140624885
0.04479948652629465, -0.0008487718852639992, -0.0008487718852639992, 0.00131411229385936
0.04448150013530541, -0.0008450811674459713, -0.0008450811674459713, 0.001315017516043349
0.04416463895653189, -0.0008412881782953741, -0.0008412881782953741, 0.001315863846619192
0.04384886712770164, -0.0008373994643963156, -0.0008373994643963711, 0.001316646937691401
0.04353415001464764, -0.0008334219078005578, -0.0008334219078005578, 0.001317362035359593
0.04322045440402927, -0.0008293627149159044, -0.0008293627149159044, 0.001318003961256142
0.04290774869752736, -0.000825229402018679, -0.000825229402018679, 0.001318567094460654
0.04259600310718503, -0.0008210297770409047, -0.0008210297770409047, 0.001319045353979642
0.04228518985146565, -0.0008167719172789134, -0.0008167719172789134, 0.001319432182006586
0.04197528335148779, -0.0008124641426586754, -0.0008124641426587309, 0.001319720528194956
0.04166626042677832, -0.000808114984186592, -0.000808114984186592, 0.001319902835212106
0.04135810048974811, -0.0008037331472212084, -0.0008037331472212639, 0.001319971025854461
0.04105078573795429, -0.0007993274691989183, -0.0007993274691989183, 0.001319916492043327
0.04074430134305423, -0.0007949068714622753, -0.0007949068714622753, 0.001319730086036586
0.04043863563518937, -0.0007904803048578435, -0.0007904803048578435, 0.001319402114225987
0.04013378028136266, -0.0007860566887938902, -0.0007860566887938902, 0.001318922333908179
0.03982973045618399, -0.0007816448434829204, -0.0007816448434829204, 0.001318279953447909
0.03952648500316316, -0.000777253415144008, -0.000777253415144008, 0.001317463636271277
0.03922404658453349, -0.0007728907939861251, -0.0007728907939861807, 0.001316461509146438
0.03892242181737907, -0.0007685650248696052, -0.0007685650248696607, 0.001315261175229177
0.03862162139363801, -0.0007642837106184297, -0.0007642837106184297, 0.001313849732359595
0.03832166018135122, -0.0007600539080473978, -0.0007600539080473978, 0.001312213797109663
0.0380225573043293, -0.0007558820168840352, -0.0007558820168840352, 0.001310339535071758
0.03772433619723034, -0.00075177366187551, -0.00075177366187551, 0.001308212697888278
0.03742702463287315, -0.0007477335685181496, -0.0007477335685182052, 0.001305818667494463
0.03713065471847229, -0.0007437654329925936, -0.0007437654329926491, 0.001303142508028765
0.03683526285736785, -0.0007398717870548688, -0.0007398717870549243, 0.001300169025832409
0.03654088967275615, -0.0007360538588126464, -0.0007360538588126464, 0.001296882837911739
0.03624757988989949, -0.000732311430507393, -0.000732311430507393, 0.001293268449170992
0.03595538217332789, -0.0007286426946223057, -0.0007286426946223612, 0.00128931033866575
0.03566434891564108, -0.0007250441098440308, -0.0007250441098440308, 0.001284993055022721
0.03537453597469278, -0.0007215102586193289, -0.0007215102586193844, 0.001280301321075483
0.03508600235618983, -0.0007180337082591248, -0.0007180337082591248, 0.001275220147650136
0.03479880983908887, -0.0007146048777496583, -0.0007146048777497138, 0.001269734956288127
0.03451302254161731, -0.0007112119126291838, -0.0007112119126291838, 0.001263831710557661
0.03422870642629663, -0.0007078405704699087, -0.0007078405704699087, 0.00125749705542344
0.03394592874301169, -0.0007044741196664539, -0.0007044741196665094, 0.001250718463980505
0.03366475740994274, -0.0007010932543603521, -0.0007010932543603521, 0.001243484390655691
0.03338526033307432, -0.0006976760284228556, -0.0006976760284228556, 0.001235784429788556
0.03310750466599088, -0.000694197811473618, -0.000694197811473618, 0.001227609478293368
0.03283155601278556, -0.0006906312698993777, -0.0006906312698993777, 0.001218951900897158
0.03255747757810459, -0.0006869463757817607, -0.0006869463757817607, 0.001209805696248178
0.03228532926964114, -0.0006831104465121474, -0.0006831104465121474, 0.001200166661980195
0.03201516675973468, -0.0006790882176669899, -0.0006790882176669899, 0.001190032556645904
0.03174704051411922, -0.0006748419514440718, -0.0006748419514441828, 0.001179403256254874
0.03148099479725844, -0.0006703315825922762, -0.0006703315825922762, 0.001168280903019236
0.03121706666508042, -0.0006655149033392149, -0.0006655149033392149, 0.001156670043787611
0.03095528495723773, -0.000660347788290272, -0.000660347788290272, 0.001144577755594955
0.03069566930223799, -0.0006547844596808683, -0.0006547844596808683, 0.001132013755706929
0.03043822914986719, -0.0006487777926962868, -0.0006487777926963423, 0.001118990493569838
0.03018296284622315, -0.0006422796598430924, -0.0006422796598432035, 0.001105523222155014
0.02992985676734433, -0.0006352413125819134, -0.0006352413125819134, 0.001091630046308523
0.02967888452782783, -0.0006276137976193863, -0.0006276137976193863, 0.001077331945919913
0.02943000628092352, -0.0006193484044325626, -0.0006193484044325626, 0.00106265277197759
0.02918316812636254, -0.0006103971397746211, -0.0006103971397746211, 0.001047619213886686
0.02893830164157138, -0.0006007132241217517, -0.0006007132241218072, 0.00103226073680196
0.02869532355095608, -0.0005902516042683992, -0.0005902516042684547, 0.001016609488158515
0.028454135546571, -0.0005789694756139774, -0.0005789694756140329, 0.001000700173037994
0.02821462427174884, -0.0005668268071049032, -0.0005668268071049032, 0.0009845698985314066
0.02797666147716177, -0.0005537868613426089, -0.0005537868613426089, 0.000968257987788157
0.02774010435633947, -0.0005398167020539968, -0.0005398167020540523, 0.0009518057649783862
0.02750479606493841, -0.0005248876809567093, -0.0005248876809567093, 0.0009352563129677027
0.02727056642508077, -0.0005089758960684643, -0.0005089758960685198, 0.0009186542060114489
0.02703723281293299, -0.0004920626136920014, -0.0004920626136920014, 0.0009020452203085116
0.02680460122444411, -0.0004741346466757834, -0.0004741346466758389, 0.0008854760257023808
0.02657246751088821, -0.0004551846821038708, -0.0004551846821039263, 0.0008689938622398752
0.02634061877265054, -0.0004352115522760491, -0.0004352115522760491, 0.000852646205632468
0.02610883489663079, -0.0004142204437200814, -0.0004142204437200814, 0.0008364804259302638
0.02587689021980896, -0.0003922230399837079, -0.0003922230399837634, 0.0008205434438990356
0.02564455529900325, -0.0003692375950750115, -0.0003692375950750115, 0.0008048813896673335
0.02541159876470908, -0.0003452889356280742, -0.0003452889356280742, 0.0007895392682013558
0.02517778923521502, -0.0003204083911267919, -0.0003204083911267919, 0.0007745606360514135
0.02494289726598617, -0.0002946336527982485, -0.0002946336527982485, 0.0007599872936152052
0.02470669730862124, -0.0002680085630492601, -0.0002680085630492601, 0.0007458589968627471
0.02446896965354059, -0.0002405828385366737, -0.0002405828385366737, 0.0007322131921038144
0.024229502330958, -0.0002124117310960405, -0.0002124117310960405, 0.0007190847769291686
0.02398809294559592, -0.0001835556317830722, -0.0001835556317830722, 0.0007065058899629051
0.02374455042200888, -0.0001540796241783493, -0.0001540796241784048, 0.0006945057315225212
0.02349869663922294, -0.0001240529938490997, -0.0001240529938490997, 0.0006831104167079327
0.02325036793563112, -9.354870143463145e-05, -9.354870143463145e-05, 0.0006723428618692906
0.02299941646762899, -6.264282723517089e-05, -6.264282723517089e-05, 0.0006622227048074802
0.02274571140827544, -3.141399538691969e-05, -3.141399538691969e-05, 0.0006527662585154026
0.02248913997521568, 5.721423113058677e-08, 5.721423113058677e-08, 0.0006439864977222931
0.02222960828015422, 3.168885835186375e-05, 3.168885835180824e-05, 0.0006358930770124505
0.02196704199522434, 6.339821920287037e-05, 6.339821920287037e-05, 0.0006284923788502095
0.02170138683458903, 9.510238261434267e-05, 9.510238261434267e-05, 0.0006217875894561353
0.02143260885247869, 0.0001267187985939944, 0.0001267187985939389, 0.0006157788001589504
0.02116069456154279, 0.0001581658182596146, 0.0001581658182595591, 0.0006104631315937969
0.02088565087783181, 0.0001893632017485603, 0.0001893632017485603, 0.000605834877931255
0.02060750490088706, 0.0002202325925062532, 0.0002202325925062532, 0.0006018856682004636
0.02032630353927281, 0.0002506979541748167, 0.0002506979541747612, 0.0005986046417181257
0.02004211299341863, 0.0002806859671292683, 0.0002806859671292128, 0.0005959786346360074
0.01975501810884114, 0.0003101263825302514, 0.0003101263825302514, 0.000593992374680663
0.01946512161369329, 0.0003389523325560972, 0.0003389523325560972, 0.000592628681268248
0.01917254325514089, 0.000367100596230685, 0.000367100596230685, 0.0005918686683270002
0.01887741884932484, 0.0003945118209546239, 0.0003945118209546239, 0.0005916919473389348
0.01857989925964515, 0.0004211307004907683, 0.0004211307004907683, 0.0005920768283301792
0.01828014931782804, 0.0004469061107044703, 0.0004469061107044703, 0.0005930005167635866
0.01797834670175044, 0.0004717912048520789, 0.0004717912048520789, 0.0005944393045310692
0.01767468078331569, 0.0004957434706110431, 0.0004957434706109876, 0.000596368753495502
0.01736935145884683, 0.0005187247513720461, 0.0005187247513719906, 0.0005987638702733555
0.01706256797351499, 0.0005407012345686746, 0.0005407012345686746, 0.0006015992712026241
0.01675454775028548, 0.0005616434099898204, 0.0005616434099898204, 0.0006048493366713759
0.01644551523276874, 0.0005815260011310941, 0.0005815260011310941, 0.0006084883542032959
0.01613570075024964, 0.0006003278726906536, 0.0006003278726905981, 0.0006124906499120897
0.01582533941203412, 0.0006180319172986448, 0.0006180319172986448, 0.0006168307081133584
0.01551467003715137, 0.0006346249245167135, 0.0006346249245167135, 0.0006214832790724656
0.01520393412437876, 0.0006500974350389099, 0.0006500974350389099, 0.0006264234749995823
0.01489337486653033, 0.0006644435828926376, 0.0006644435828926376, 0.0006316268545487613
0.0145832362120045, 0.0006776609282749813, 0.0006776609282749813, 0.0006370694961848611
0.01427376197569441, 0.0006897502834750657, 0.0006897502834750657, 0.000642728060874731
0.01396519500056881, 0.0007007155341338667, 0.0007007155341338667, 0.000648579844637398
0.01365777637050561, 0.0007105634578837838, 0.0007105634578837838, 0.0006546028215447253
0.01335174467433289, 0.0007193035421980687, 0.0007193035421980687, 0.0006607756778056473
0.01304733532047786, 0.0007269478030650367, 0.0007269478030650367, 0.0006670778375998943
0.01274477990116044, 0.0007335106058886098, 0.0007335106058886098, 0.0006734894813382186
0.01244430560468779, 0.0007390084898191152, 0.0007390084898191152, 0.0006799915570351311
0.01214613467409068, 0.0007434599965152611, 0.0007434599965152611, 0.0006865657854743246
0.0118504839101134, 0.000746885504157635, 0.000746885504157635, 0.0006931946598316974
0.01155756421639398, 0.0007493070673619262, 0.0007493070673619262, 0.0006998614404088999
0.01126758018456664, 0.0007507482634788176, 0.0007507482634788176, 0.0007065501450937983
0.01098072971695838, 0.0007512340456246602, 0.0007512340456246602, 0.0007132455361480439
0.01069720368455168, 0.0007507906026561484, 0.0007507906026561484, 0.0007199331038786894
0.01041718561791674, 0.0007494452261850304, 0.0007494452261850304, 0.0007265990477209328
0.01014085142889276, 0.0007472261846304673, 0.0007472261846304673, 0.0007332302552243153
0.009868369160901169, 0.0007441626042130611, 0.0007441626042130611, 0.0007398142793926255
0.009599898765905224, 0.0007402843567271833, 0.0007402843567271833, 0.0007463393147937314
0.009335591906179358, 0.0007356219538607878, 0.0007356219538607878, 0.0007527941728198151
0.009075591779220293, 0.0007302064477843762, 0.0007302064477843762, 0.0007591682564389579
0.00882003296430961, 0.0007240693376934781, 0.0007240693376934781, 0.0007654515347453872
0.008569041289421986, 0.0007172424819555934, 0.0007172424819555934, 0.0007716345175844408
0.00832273371736697, 0.0007097580155028815, 0.0007097580155028815, 0.0007777082304925576
0.00808121825023328, 0.0007016482720885731, 0.0007016482720885731, 0.0007836641901634578
0.007844593851402071, 0.0006929457110376736, 0.000692945711037618, 0.0007894943806253663
0.007612950384563222, 0.0006836828481127655, 0.0006836828481127655, 0.00079519123028432
0.007386368569353485, 0.0006738921901369155, 0.0006738921901369155, 0.0008007475899643457
0.007164919953382615, 0.0006636061730259102, 0.0006636061730259102, 0.0008061567120552504
0.006948666900571693, 0.0006528571029033592, 0.0006528571029033592, 0.0008114122308521265
0.006737662595852956, 0.0006416770999990162, 0.0006416770999990162, 0.0008165081441576238
0.006531951066399033, 0.0006300980450548166, 0.0006300980450548166, 0.0008214387961934522
0.006331567219644729, 0.0006181515279949368, 0.0006181515279949368, 0.0008261988618565863
0.00613653689844243, 0.0006058687986477684, 0.0006058687986477684, 0.0008307833323387692
0.005946876953749985, 0.0005932807193403389, 0.0005932807193403389, 0.0008351875021142541
0.005762595335283588, 0.0005804177192195725, 0.0005804177192195725, 0.0008394069572877916
0.00558369120058394, 0.000567309750187539, 0.000567309750187539, 0.0008434375652865422
0.005410155042935683, 0.0005539862443733612, 0.0005539862443733612, 0.0008472754658682691
0.005241968838549604, 0.0005404760730917668, 0.0005404760730917668, 0.0008509170634060093
0.005079106213367712, 0.0005268075072770717, 0.0005268075072770717, 0.0008543590204101448
0.004921532629777264, 0.0005130081793997543, 0.0005130081793997543, 0.0008575982522298076
0.004769205593430109, 0.0004991050469087543, 0.0004991050469087543, 0.0008606319228806059
0.004622074880253707, 0.0004851243572607522, 0.0004851243572607522, 0.0008634574419320584
0.004480082783610534, 0.0004710916146195288, 0.0004710916146195288, 0.0008660724623870686
0.004343164381423043, 0.0004570315483266307, 0.0004570315483266307, 0.0008684748794802188
0.004211247822928699, 0.0004429680832585825, 0.0004429680832585825, 0.000870662830315172
0.004084254634556611, 0.0004289243121953223, 0.0004289243121953223, 0.0008726346942671548
0.003962100044254097, 0.0004149224703292875, 0.0004149224703292875, 0.0008743890940592636
0.003844693323405951, 0.0004009839120512892, 0.0004009839120512892, 0.0008759248974319067
0.003731938145312808, 0.0003871290901426294, 0.0003871290901426294, 0.0008772412193154
0.003623732959019937, 0.0003733775375029669, 0.0003733775375029669, 0.0008783374244177578
0.003519971377104164, 0.0003597478515294517, 0.0003597478515294517, 0.0008792131301360584
0.003420542575872987, 0.0003462576812533757, 0.0003462576812533757, 0.0008798682096982646
0.0033253317062647, 0.0003329237173255173, 0.0003329237173255173, 0.0008803027954483456
0.003234220313603653, 0.0003197616849226759, 0.0003197616849226759, 0.0008805172821807206
0.003147086764234142, 0.0003067863396244708, 0.0003067863396244708, 0.0008805123304309326
0.003063806676957964, 0.000294011466292543, 0.000294011466292543, 0.000880288869638618
0.002984253357109418, 0.0002814498809557975, 0.0002814498809557975, 0.0008798481010905412
0.002908298231045769, 0.0002691134356820057, 0.0002691134356820057, 0.0008791915005600948
0.002835811278792982, 0.0002570130263916948, 0.0002570130263916948, 0.000878320820559414
0.002766661462578285, 0.0002451586035438214, 0.0002451586035438214, 0.000877238092127669
0.002700717148991783, 0.0002335591855973373, 0.0002335591855973373, 0.0008759456260761522
0.002637846522570708, 0.0002222228751324051, 0.0002222228751324051, 0.0008744460136226317
0.002577917988657003, 0.000211156877489127, 0.000211156877489127, 0.000872742126349968
0.002520800563482251, 0.0002003675217645273, 0.0002003675217645273, 0.0008708371154267092
0.002466364249541109, 0.0001898602839900954, 0.0001898602839900954, 0.0008687344100394567
0.002414480394459267, 0.0001796398122953513, 0.0001796398122953513, 0.0008664377149891767
0.002365022031713016, 0.000169709953854652, 0.000169709953854652, 0.0008639510074145984
0.002317864201736602, 0.0001600737834017152, 0.0001600737834017152, 0.0008612785326105599
0.002272884252135093, 0.000150733633090927, 0.000150733633090927, 0.0008584247989192051
0.002229962115923995, 0.0001416911234843055, 0.0001416911234843055, 0.0008553945716818778
0.002188980566919962, 0.0001329471954398531, 0.0001329471954398531, 0.0008521928662461598
0.00214982545161474, 0.0001245021426813375, 0.0001245021426813375, 0.0008488249400312453
0.002112385897082653, 0.0001163556448372238, 0.0001163556448372238, 0.0008452962836676126
0.002076554494671007, 0.0001085068007404544, 0.0001085068007404544, 0.0008416126112315847
0.002042227459439772, 0.0001009541617980336, 0.0001009541617980336, 0.0008377798496065625
0.002009304765498904, 9.369576524340117e-05, 9.369576524340117e-05, 0.0008338041270108121
0.001977690257593118, 8.672916710764089e-05, 8.672916710764089e-05, 0.0008296917607394649
0.001947291739444967, 8.005147475320662e-05, 8.005147475320662e-05, 0.0008254492441772121
0.00191802103953731, 7.365937883405116e-05, 7.365937883405116e-05, 0.000821083233140979
0.001889794055153604, 6.754918456208792e-05, 6.754918456208792e-05, 0.0008166005316260772
0.001862530775626675, 6.171684217531892e-05, 6.171684217531892e-05, 0.0008120080770246396
0.00183615528585393, 5.615797651994936e-05, 5.615797651994936e-05, 0.0008073129248986344
0.001810595751231464, 5.086791567499027e-05, 5.086791567499027e-05, 0.0008025222333869209
0.001785784385232941, 4.58417185636717e-05, 4.58417185636717e-05, 0.000797643247333335
0.001761657400914135, 4.107420150734065e-05, 4.107420150734065e-05, 0.0007926832822193752
0.001738154947669573, 3.655996369653081e-05, 3.655996369653081e-05, 0.0007876497079906397
0.001715221034581327, 3.229341155663867e-05, 3.229341155663867e-05, 0.0007825499328614205
0.001692803441720986, 2.826878200914984e-05, 2.826878200914984e-05, 0.0007773913871839955
0.001670853620743318, 2.448016462208713e-05, 2.448016462208713e-05, 0.0007721815074626104
0.001649326586110195, 2.092152266952585e-05, 2.092152266952585e-05, 0.0007669277205944458
0.001628180798234263, 1.758671311086202e-05, 1.758671311086202e-05, 0.0007616374284098171
0.001607378039805013, 1.446950551409198e-05, 1.446950551409198e-05, 0.0007563179925826058
0.001586883286503193, 1.156359995088674e-05, 1.156359995088674e-05, 0.0007509767199751494
0.001566664573256715, 8.86264389229896e-06, 8.86264389229896e-06, 0.0007456208484776516
0.001546692857125637, 6.360248134218427e-06, 6.360248134218427e-06, 0.0007402575333898265
0.00152694187784233, 4.050001788852287e-06, 4.050001788852287e-06, 0.0007348938343932632
0.001507388016957711, 1.925486372456042e-06, 1.925486372456042e-06, 0.0007295367031504019
0.001488010156475039, -1.971097771114039e-08, -1.971097771114039e-08, 0.0007241929715584017
0.001468789537781678, -1.791985124371953e-06, -1.791985124371953e-06, 0.0007188693406828262
0.001449709621613171, -3.397701358709426e-06, -3.397701358709426e-06, 0.0007135723703844132
0.001430755949713314, -4.843184607472573e-06, -4.843184607472573e-06, 0.0007083084696457853
0.001411916008784181, -6.134709390454018e-06, -6.134709390454018e-06, 0.0007030838875982381
0.001393179097250619, -7.278490500695067e-06, -7.278490500695067e-06, 0.0006979047052434184
0.00137453619529912, -8.280674383714937e-06, -8.280674383714937e-06, 0.0006927768278533197
0.00135597983858457, -9.147331191977637e-06, -9.147331191977637e-06, 0.0006877059780306671
0.001337503995945483, -9.884447492058968e-06, -9.884447492058968e-06, 0.0006826976894036274
0.001319103951406358, -1.049791960283653e-05, -1.049791960283653e-05, 0.0006777573009230375
0.001300776190694963, -1.099354754607873e-05, -1.099354754607873e-05, 0.0006728899517272902
0.001282518292457901, -1.13770295879223e-05, -1.13770295879223e-05, 0.0006681005765329928
0.001264328824305661, -1.165395735441832e-05, -1.165395735441832e-05, 0.0006633939015098511
0.001246207243784964, -1.182981150069096e-05, -1.182981150069096e-05, 0.0006587744405902873
0.00122815380433372, -1.19099579159454e-05, -1.19099579159454e-05, 0.0006542464921659996
0.001210169466241834, -1.189964444636704e-05, -1.189964444636704e-05, 0.0006498141361185317
0.001192255812610871, -1.180399811628874e-05, -1.180399811628874e-05, 0.0006454812311313396
0.001174414970279564, -1.16280228276977e-05, -1.16280228276977e-05, 0.0006412514122297874
0.001156649535654253, -1.137659752048492e-05, -1.137659752048492e-05, 0.0006371280884949482
0.001138962505366603, -1.105447477217636e-05, -1.105447477217636e-05, 0.0006331144408955325
0.00112135721166301, -1.066627981427537e-05, -1.066627981427537e-05, 0.0006292134201883459
0.001103837262405705, -1.021650994786905e-05, -1.021650994786905e-05, 0.0006254277448322354
0.001086406485566987, -9.709534331936442e-06, -9.709534331936442e-06, 0.0006217598988679796
0.001069068878071955, -9.149594124041593e-06, -9.149594124041593e-06, 0.000618212129715634
0.001051828558844836, -8.540802949486004e-06, -8.540802949486004e-06, 0.0006147864458446728
0.001034689725904203, -7.887147673080186e-06, -7.887147673080186e-06, 0.0006114846142775132
0.001017656617346097, -7.192489450941197e-06, -7.192489450941197e-06, 0.0006083081578867888
0.001000733476049731, -6.460565035865118e-06, -6.460565035865118e-06, 0.000605258352454674
0.0009839245179378842, -5.694988310794846e-06, -5.694988310794846e-06, 0.000602336223466643
0.000967233903623882, -4.899252024487266e-06, -4.899252024487266e-06, 0.000599542542615461
0.000950665713272375, -4.076729704732829e-06, -4.076729704732829e-06, 0.0005968778239993922
0.0009342239245064832, -3.230677719873176e-06, -3.230677719873176e-06, 0.0005943423200036047
0.0009179123931908062, -2.364237467050723e-06, -2.364237467050723e-06, 0.0005919360168590848
0.0009017348369241562, -1.48043765660355e-06, -1.48043765660355e-06, 0.0005896586298846929
0.000885694821077615, -5.821966719554705e-07, -5.821966719554705e-07, 0.0005875095984194389
0.0008697957472152129, 3.276750242808824e-07, 3.276750242808824e-07, 0.0005854880804659068
0.0008540408437409663, 1.246472459026648e-06, 1.246472459026648e-06, 0.000583592947069389
0.00083843315861723, 2.17159371884712e-06, 2.17159371884712e-06, 0.000581822776470925
0.0008229755540034855, 3.100537541433912e-06, 3.100537541433912e-06, 0.0005801758480750707
0.000807670702671015, 4.030900952745053e-06, 4.030900952745053e-06, 0.0005786501362898822
0.0007925210860524889, 4.960376970092328e-06, 4.960376970092328e-06, 0.0005772433043008673
0.0007775289937876906, 5.886752388717387e-06, 5.886752388717387e-06, 0.0005759526978523777
0.0007626965246357587, 6.807905673561487e-06, 6.807905673561487e-06, 0.0005747753391217025
0.0007480255886263276, 7.721804969912371e-06, 7.721804969912371e-06, 0.0005737079207779328
0.0007335179103261091, 8.626506249664878e-06, 8.626506249664878e-06, 0.0005727468003300096
0.000719175033104813, 9.520151606101646e-06, 9.520151606101646e-06, 0.0005718879948783118
0.000704998324286138, 1.040096770915655e-05, 1.040096770915655e-05, 0.0005711271763924886
0.0006909889810763903, 1.126726442993164e-05, 1.126726442993164e-05, 0.0005704596676482654
0.0006771480371656757, 1.211743364198936e-05, 1.211743364198936e-05, 0.0005698804389636797
0.0006634763699046586, 1.294994820674744e-05, 1.294994820674744e-05, 0.0005693841058858617
0.0006499747079578011, 1.376336114189414e-05, 1.376336114189414e-05, 0.0005689649279806835
0.0006366436393474562, 1.455630497787519e-05, 1.455630497787519e-05, 0.0005686168088894494
0.0006234836197959448, 1.532749129679045e-05, 1.532749129679045e-05, 0.000568333297816373
0.0006104949812881511, 1.60757104511744e-05, 1.60757104511744e-05, 0.0005681075926154966
0.0005976779407727562, 1.679983145527753e-05, 1.679983145527753e-05, 0.0005679325446446282
0.0005850326089273383, 1.749880203810728e-05, 1.749880203810728e-05, 0.0005678006655539664
0.0005725589989179214, 1.817164884679312e-05, 1.817164884679312e-05, 0.0005677041361724366
0.0005602570350821678, 1.881747778381682e-05, 1.881747778381682e-05, 0.0005676348176463786
0.0005481265614765418, 1.943547446225935e-05, 1.943547446225935e-05, 0.0005675842649799367
0.0005361673502233266, 2.002490475586094e-05, 2.002490475586094e-05, 0.0005675437431093694
0.0005243791096042061, 2.058511542377128e-05, 2.058511542377128e-05, 0.0005675042456317059
0.0005127614918463697, 2.111553478312267e-05, 2.111553478312267e-05, 0.0005674565162865075
0.0005013141005532629, 2.161567340275283e-05, 2.161567340275283e-05, 0.000567391073269613
0.000490036497733326, 2.208512478868441e-05, 2.208512478868441e-05, 0.0005672982364300083
0.0004789282103897785, 2.252356603099637e-05, 2.252356603099637e-05, 0.0005671681573737597
0.000467988736630176, 2.293075837947467e-05, 2.293075837947467e-05, 0.0005669908524658096
0.0004572175512682353, 2.330654771581786e-05, 2.330654771581786e-05, 0.0005667562386862113
0.000446614110885063, 2.365086488748114e-05, 2.365086488748114e-05, 0.0005664541722589927
0.0004361778583320819, 2.396372587173956e-05, 2.396372587173956e-05, 0.0005660744899321363
0.0004259082266522274, 2.424523173533144e-05, 2.424523173533144e-05, 0.0005656070527465251
0.00041580464240773, 2.449556835662503e-05, 2.449556835662503e-05, 0.0005650417920856909
0.0004058665284073504, 2.471500588283049e-05, 2.471500588283049e-05, 0.0005643687577592815
0.0003960933058258509, 2.490389788956104e-05, 2.490389788956104e-05, 0.0005635781678252488
0.0003864843957213926, 2.506268021976177e-05, 2.506268021976177e-05, 0.00056266045981615
0.000377039219953329, 2.519186947705365e-05, 2.519186947705365e-05, 0.0005616063429936119
0.0003677572015159114, 2.529206115445271e-05, 2.529206115445271e-05, 0.0005604068512161664
0.0003586377643031158, 2.536392738333726e-05, 2.536392738333726e-05, 0.0005590533959732302
0.0003496803323281839, 2.540821429325435e-05, 2.540821429325435e-05, 0.0005575378191069458
0.0003408843284218033, 2.542573897260092e-05, 2.542573897260092e-05, 0.0005558524447179525
0.0003322491724474796, 2.541738603561994e-05, 2.541738603561994e-05, 0.0005539901297375999
0.0003237742790619946, 2.538410379485101e-05, 2.538410379485101e-05, 0.0005519443126309337
0.0003154590550684122, 2.532690005441207e-05, 2.532690005441207e-05, 0.0005497090596988385
0.0003073028964037383, 2.52468375372128e-05, 2.52468375372128e-05, 0.0005472791084461803
0.0002993051848070305, 2.514502897044135e-05, 2.514502897044135e-05, 0.0005446499074994726
0.0002914652842219978, 2.502263185549802e-05, 2.502263185549802e-05, 0.0005418176525783247
0.0002837825369840508, 2.488084295593218e-05, 2.488084295593218e-05, 0.0005387793180545164
0.0002762562598482843, 2.47208925411857e-05, 2.47208925411857e-05, 0.0005355326836736091
0.0002688857399133493, 2.45440384278317e-05, 2.45440384278317e-05, 0.0005320763560591191
0.0002616702304975294, 2.435155986502124e-05, 2.435155986502124e-05, 0.0005284097846745411
0.0002546089470222002, 2.414475131218285e-05, 2.414475131218285e-05, 0.0005245332719802515
0.0002477010629588494, 2.3924916161433e-05, 2.3924916161433e-05, 0.000520447977588212
0.0002409457058923647, 2.369336045737747e-05, 2.369336045737747e-05, 0.0005161559162895624
0.0002343419537522706, 2.345138666851043e-05, 2.345138666851043e-05, 0.0005116599499050134
0.0002278888312598759, 2.320028756383485e-05, 2.320028756383485e-05, 0.0005069637729842452
0.0002215853066356299, 2.294134024671823e-05, 2.294134024671823e-05, 0.0005020718924566847
0.0002154302886104298, 2.267580039955197e-05, 2.267580039955197e-05, 0.0004969896014147546
0.0002094226237747687, 2.240489678459467e-05, 2.240489678459467e-05, 0.0004917229472812118
0.0002035610942984767, 2.21298260483227e-05, 2.21298260483227e-05, 0.0004862786946834979
0.0001978444160488091, 2.185174786933919e-05, 2.185174786933919e-05, 0.0004806642834216113
0.0001922712371282831, 2.157178048728392e-05, 2.157178048728392e-05, 0.0004748877819758246
0.0001868401368468886, 2.129099664205381e-05, 2.129099664205381e-05, 0.0004689578370471181
0.0001815496251416637, 2.101041995217212e-05, 2.101041995217212e-05, 0.0004628836196707425
0.0001763981424474648, 2.073102174973696e-05, 2.073102174973696e-05, 0.0004566747684710826
0.0001713840600176819, 2.045371838606258e-05, 2.045371838606258e-05, 0.00045034133065322
0.0001665056806932352, 2.017936901931028e-05, 2.017936901931028e-05, 0.0004438937013403199
0.0001617612401047519, 1.990877388137469e-05, 1.990877388137469e-05, 0.000437342561868434
0.0001571489082972666, 1.964267302478895e-05, 1.964267302478895e-05, 0.0004306988176470683
0.0001526667917560731, 1.938174553797745e-05, 1.938174553797745e-05, 0.0004239735361798308
0.0001483129358109958, 1.912660921549181e-05, 1.912660921549181e-05, 0.0004171778858155645
0.0001440853273944609, 1.887782066527233e-05, 1.887782066527233e-05, 0.0004103230757728227
0.0001399818981223655, 1.863587582830173e-05, 1.863587582830173e-05, 0.0004034202979403267
0.0001360005276679621, 1.840121088637903e-05, 1.840121088637903e-05, 0.000396480670917812
0.0001321390473949524, 1.817420352602517e-05, 1.817420352602517e-05, 0.0003895151867096547
0.0001283952442164837, 1.795517452940487e-05, 1.795517452940487e-05, 0.0003825346604372781
0.0001247668646416067, 1.774438965591874e-05, 1.774438965591874e-05, 0.0003755496833795988
0.0001212516189796342, 1.754206178153361e-05, 1.754206178153361e-05, 0.0003685705795982777
0.0001178471856599639, 1.734835326001882e-05, 1.734835326001882e-05, 0.0003616073663484584
0.0001145512156388029, 1.716337846954796e-05, 1.716337846954796e-05, 0.0003546697184210884
0.0001113613368550759, 1.698720651099883e-05, 1.698720651099883e-05, 0.0003477669365107919
0.000108275158704374, 1.681986402284064e-05, 1.681986402284064e-05, 0.0003409079196523349
0.0001052902764999142, 1.666133807980141e-05, 1.666133807980141e-05, 0.0003341011417202222
0.0001024042758912547, 1.651157914432655e-05, 1.651157914432655e-05, 0.0003273546319436174
9.961473721387115e-05, 1.637050404149076e-05, 1.637050404149076e-05, 0.0003206759593467612
9.691923974441963e-05, 1.623799892958022e-05, 1.623799892958022e-05, 0.0003140722209909741
9.431536583981437e-05, 1.611392224236396e-05, 1.611392224236396e-05, 0.0003075500338617573
9.180070493777781e-05, 1.59981075797816e-05, 1.59981075797816e-05, 0.0003011155302188526
8.937285740578949e-05, 1.589036652793752e-05, 1.589036652793752e-05, 0.000294774356204168
8.702943821750631e-05, 1.579049139027733e-05, 1.579049139027733e-05, 0.0002885316734859283
8.476808044768913e-05, 1.569825781570777e-05, 1.569825781570777e-05, 0.0002823921637038762
8.258643857481096e-05, 1.561342731104531e-05, 1.561342731104531e-05, 0.0002763600354709211
8.048219157963388e-05, 1.553574962732951e-05, 1.553574962732951e-05, 0.0002704390336830328
7.845304584036539e-05, 1.546496501353412e-05, 1.546496501353412e-05, 0.0002646324508857739
7.649673781237598e-05, 1.540080633008478e-05, 1.540080633008478e-05, 0.000258943140449247
7.461103649686329e-05, 1.534300102033759e-05, 1.534300102033759e-05, 0.0002533735313069441
7.279374569527097e-05, 1.529127293717347e-05, 1.529127293717347e-05, 0.0002479256440211589
7.104270604951779e-05, 1.524534402379263e-05, 1.524534402379263e-05, 0.0002426011079467508
6.935579687450399e-05, 1.520493585185911e-05, 1.520493585185911e-05, 0.0002374011792764114
6.77309377828117e-05, 1.516977101712058e-05, 1.516977101712058e-05, 0.0002323267597620082
6.616609010967611e-05, 1.513957439747138e-05, 1.513957439747138e-05, 0.0002273784159209577
6.465925814247431e-05, 1.511407427758071e-05, 1.511407427758071e-05, 0.000222556398549463
6.320849016339114e-05, 1.509300334491537e-05, 1.509300334491537e-05, 0.000217860662380491
6.181187931114662e-05, 1.507609956340195e-05, 1.507609956340195e-05, 0.0002132908857375507
6.046756427122157e-05, 1.50631069308349e-05, 1.50631069308349e-05, 0.0002088464900518103
5.917372980274171e-05, 1.505377612666392e-05, 1.505377612666392e-05, 0.0002045266591229264
5.792860711145709e-05, 1.504786505723832e-05, 1.504786505723832e-05, 0.0002003303580198762
5.67304740774488e-05, 1.504513930535023e-05, 1.504513930535023e-05, 0.0001962563515305396
5.557765534663917e-05, 1.504537249084892e-05, 1.504537249084892e-05, 0.0001923032220825099
5.446852229712418e-05, 1.504834655020881e-05, 1.504834655020881e-05, 0.0001884693870699283
5.340149288715623e-05, 1.505385194093545e-05, 1.505385194093545e-05, 0.000184753115532843
5.23750313959348e-05, 1.506168777827555e-05, 1.506168777827555e-05, 0.000181152544145996
5.138764806514318e-05, 1.507166191022646e-05, 1.507166191022646e-05, 0.0001776656924846326
5.043789865055714e-05, 1.508359093753409e-05, 1.508359093753409e-05, 0.0001742904775434082
4.952438389166369e-05, 1.509730018448008e-05, 1.509730018448008e-05, 0.0001710247274933629
4.864574890869888e-05, 1.51126236260235e-05, 1.51126236260235e-05, 0.0001678661946686727
4.780068253237846e-05, 1.512940377658423e-05, 1.512940377658423e-05, 0.0001648125677821757
4.698791657758994e-05, 1.51474915457972e-05, 1.51474915457972e-05, 0.0001618614833741386
4.620622506437688e-05, 1.516674606562296e-05, 1.516674606562296e-05, 0.00015901053650412
4.545442339612404e-05, 1.518703449325531e-05, 1.518703449325531e-05, 0.0001562572906997906
4.473136749874596e-05, 1.520823179342046e-05, 1.520823179342046e-05, 0.0001535992871807626
4.40359529285117e-05, 1.52302205045779e-05, 1.52302205045779e-05, 0.0001510340533783239
4.336711395383497e-05, 1.525289049125744e-05, 1.525289049125744e-05, 0.0001485591107744724
4.27238226149429e-05, 1.527613868644584e-05, 1.527613868644584e-05, 0.0001461719820862808
4.210508776883448e-05, 1.529986882643775e-05, 1.529986882643775e-05, 0.0001438701978223045
4.150995412069425e-05, 1.532399118030214e-05, 1.532399118030214e-05, 0.0001416513022397189
4.09375012484503e-05, 1.534842227654543e-05, 1.534842227654543e-05, 0.0001395128587311292
4.038684262350212e-05, 1.537308462899734e-05, 1.537308462899734e-05, 0.0001374524546709499
3.985712462981073e-05, 1.539790646283568e-05, 1.539790646283568e-05, 0.0001354677057505554
3.934752558654164e-05, 1.542282144334495e-05, 1.542282144334495e-05, 0.0001335562598326831
3.885725477531521e-05, 1.544776840789464e-05, 1.544776840789464e-05, 0.0001317158003536767
3.83855514757836e-05, 1.547269110256655e-05, 1.547269110256655e-05, 0.0001299440493029366
3.793168400986757e-05, 1.54975379239447e-05, 1.54975379239447e-05, 0.0001282387698075017
3.749494880006532e-05, 1.55222616678441e-05, 1.55222616678441e-05, 0.0001265977683493763
3.707466943952964e-05, 1.554681928438162e-05, 1.554681928438162e-05, 0.0001250188966419388
3.667019577899278e-05, 1.557117164069366e-05, 1.557117164069366e-05, 0.0001235000531910613
3.628090302862375e-05, 1.55952832916334e-05, 1.55952832916334e-05, 0.0001220391845655686
3.59061908794811e-05, 1.561912225844786e-05, 1.561912225844786e-05, 0.000120634286400103
3.554548264192436e-05, 1.564265981596202e-05, 1.564265981596202e-05, 0.0001192834041531289
3.51982244048421e-05, 1.566587028814515e-05, 1.566587028814515e-05, 0.0001179846336408497
3.486388421375386e-05, 1.56887308523368e-05, 1.56887308523368e-05, 0.0001167361213673251
3.454195127075566e-05, 1.57112213521049e-05, 1.57112213521049e-05, 0.0001155360646696545
3.423193515483813e-05, 1.573332411858308e-05, 1.573332411858308e-05, 0.0001143827116958096
3.393336506304911e-05, 1.57550238000792e-05, 1.57550238000792e-05, 0.0001132743612319576
3.364578907438798e-05, 1.577630720052403e-05, 1.577630720052403e-05, 0.0001122093623950188
3.336877343357303e-05, 1.579716312544166e-05, 1.579716312544166e-05, 0.000111186114204586
3.310190185784601e-05, 1.581758223626051e-05, 1.581758223626051e-05, 0.0001102030650481957
3.284477486448223e-05, 1.583755691235422e-05, 1.583755691235422e-05, 0.0001092587120523486
3.259700911956154e-05, 1.585708112060435e-05, 1.585708112060435e-05, 0.0001083516003710407
3.23582368075559e-05, 1.58761502919158e-05, 1.58761502919158e-05, 0.0001074803224022508
3.212810502292718e-05, 1.589476120525402e-05, 1.589476120525402e-05, 0.0001066435169430023
3.190627518115385e-05, 1.591291187827415e-05, 1.591291187827415e-05, 0.0001058398682913693
3.169242245007475e-05, 1.593060146422298e-05, 1.593060146422298e-05, 0.0001050681053044282
3.148623520163318e-05, 1.594783015532175e-05, 1.594783015532175e-05, 0.0001043270004193741
3.128741448252259e-05, 1.596459909203318e-05, 1.596459909203318e-05, 0.0001036153686451748
3.109567350426112e-05, 1.59809102778935e-05, 1.59809102778935e-05, 0.0001029320665308676
3.091073715133508e-05, 1.599676650011761e-05, 1.599676650011761e-05, 0.0001022759911164864
3.07323415077998e-05, 1.60121712549921e-05, 1.60121712549921e-05, 0.0001016460788716422
3.056023340217151e-05, 1.602712867829204e-05, 1.602712867829204e-05, 0.0001010413046266777
3.039416996766797e-05, 1.604164348055492e-05, 1.604164348055492e-05, 0.0001004606805006074
3.023391822110089e-05, 1.605572088640705e-05, 1.605572088640705e-05, 9.990325482949272e-05
3.007925465717265e-05, 1.60693665785111e-05, 1.60693665785111e-05, 9.936811109887561e-05
2.992996485773336e-05, 1.608258664498319e-05, 1.608258664498319e-05, 9.885436688304716e-05
2.978584311827404e-05, 1.609538753111206e-05, 1.609538753111206e-05, 9.836117279416953e-05
2.964669208660453e-05, 1.610777599390933e-05, 1.610777599390933e-05, 9.788771144302044e-05
2.951232241810153e-05, 1.611975906061491e-05, 1.611975906061491e-05, 9.743319641416365e-05
2.938255244319676e-05, 1.613134399013061e-05, 1.613134399013061e-05, 9.699687125660009e-05
2.925720784910379e-05, 1.614253823697953e-05, 1.614253823697953e-05, 9.657800849190851e-05
2.913612137350752e-05, 1.615334941880431e-05, 1.615334941880431e-05, 9.617590864099274e-05
2.901913251224242e-05, 1.616378528573881e-05, 1.616378528573881e-05, 9.578989927050419e-05
2.890608723676857e-05, 1.617385369256236e-05, 1.617385369256236e-05, 9.541933405992839e-05
2.879683772472053e-05, 1.618356257318543e-05, 1.618356257318543e-05, 9.506359189018904e-05
2.869124210155838e-05, 1.61929199170574e-05, 1.61929199170574e-05, 9.472207595393953e-05
2.858916419171131e-05, 1.620193374755191e-05, 1.620193374755191e-05, 9.4394212888399e-05
2.849047328151721e-05, 1.621061210261426e-05, 1.621061210261426e-05, 9.40794519310173e-05
2.839504389051672e-05, 1.621896301658154e-05, 1.621896301658154e-05, 9.37772640978371e-05
2.830275555407158e-05, 1.622699450402887e-05, 1.622699450402887e-05, 9.34871413850874e-05
2.821349261303285e-05, 1.623471454499648e-05, 1.623471454499648e-05, 9.320859599370492e-05
2.812714401387306e-05, 1.624213107154909e-05, 1.624213107154909e-05, 9.2941159576896e-05
2.804360311653431e-05, 1.624925195584798e-05, 1.624925195584798e-05, 9.268438251052585e-05
2.796276751013127e-05, 1.625608499913889e-05, 1.625608499913889e-05, 9.243783318618227e-05
2.788453883742492e-05, 1.626263792227356e-05, 1.626263792227356e-05, 9.220109732664336e-05
2.780882262493067e-05, 1.626891835677935e-05, 1.626891835677935e-05, 9.197377732343172e-05
2.773552812268543e-05, 1.627493383740686e-05, 1.627493383740686e-05, 9.175549159611864e-05
2.766456814826124e-05, 1.628069179516328e-05, 1.628069179516328e-05, 9.154587397309025e-05
2.75958589393277e-05, 1.628619955149763e-05, 1.628619955149763e-05, 9.134457309327611e-05
2.752932001159891e-05, 1.629146431302714e-05, 1.629146431302714e-05, 9.115125182837004e-05
2.746487402258135e-05, 1.629649316703397e-05, 1.629649316703397e-05, 9.096558672528308e-05
2.740244664214964e-05, 1.630129307773898e-05, 1.630129307773898e-05, 9.078726746816236e-05
2.734196642750764e-05, 1.630587088301966e-05, 1.630587088301966e-05, 9.061599635957519e-05
2.728336470411707e-05, 1.631023329169701e-05, 1.631023329169701e-05, 9.045148782045251e-05
2.722657545170537e-05, 1.631438688152326e-05, 1.631438688152326e-05, 9.029346790814796e-05
2.717153519463111e-05, 1.631833809728755e-05, 1.631833809728755e-05, 9.014167385216869e-05
2.71181828977729e-05, 1.632209324981676e-05, 1.632209324981676e-05, 8.999585360718217e-05
2.706645986585987e-05, 1.632565851479584e-05, 1.632565851479584e-05, 8.985576542259142e-05
2.701630964788149e-05, 1.632903993247642e-05, 1.632903993247642e-05, 8.972117742837328e-05
2.696767794543864e-05, 1.633224340747558e-05, 1.633224340747558e-05, 8.95918672365742e-05
2.692051252412009e-05, 1.633527470873419e-05, 1.633527470873419e-05, 8.946762155796414e-05
2.687476313070758e-05, 1.633813947009288e-05, 1.633813947009288e-05, 8.934823583346164e-05
2.683038141113037e-05, 1.634084319074303e-05, 1.634084319074303e-05, 8.92335138796916e-05
2.678732083427615e-05, 1.634339123612882e-05, 1.634339123612882e-05, 8.912326754837233e-05
