0.0646838, -0.000830318
-0.000830318, 0.00120518
0.0642899, -0.000834023
-0.000834023, 0.00120839
0.0638956, -0.000837663
-0.000837663, 0.00121154
0.0635011, -0.000841234
-0.000841234, 0.00121463
0.0631066, -0.000844729
-0.000844729, 0.00121766
0.0627123, -0.000848145
-0.000848145, 0.00122064
0.0623182, -0.000851475
-0.000851475, 0.00122355
0.0619247, -0.000854716
-0.000854716, 0.00122641
0.0615317, -0.000857862
-0.000857862, 0.00122922
0.0611394, -0.000860909
-0.000860909, 0.00123197
0.0607481, -0.000863853
-0.000863853, 0.00123467
0.0603576, -0.000866689
-0.000866689, 0.00123731
0.0599683, -0.000869414
-0.000869414, 0.0012399
0.0595801, -0.000872023
-0.000872023, 0.00124244
0.0591931, -0.000874512
-0.000874512, 0.00124494
0.0588076, -0.000876879
-0.000876879, 0.00124738
0.0584234, -0.000879119
-0.000879119, 0.00124978
0.0580407, -0.000881229
-0.000881229, 0.00125212
0.0576596, -0.000883206
-0.000883206, 0.00125443
0.0572801, -0.000885047
-0.000885047, 0.00125668
0.0569023, -0.000886749
-0.000886749, 0.0012589
0.0565262, -0.000888309
-0.000888309, 0.00126107
0.0561518, -0.000889724
-0.000889724, 0.0012632
0.0557792, -0.000890992
-0.000890992, 0.00126529
0.0554084, -0.000892111
-0.000892111, 0.00126734
0.0550395, -0.000893079
-0.000893079, 0.00126935
0.0546725, -0.000893893
-0.000893893, 0.00127132
0.0543073, -0.000894552
-0.000894552, 0.00127326
0.053944, -0.000895053
-0.000895053, 0.00127516
0.0535826, -0.000895396
-0.000895396, 0.00127702
0.053223, -0.00089558
-0.00089558, 0.00127885
0.0528654, -0.000895602
-0.000895602, 0.00128065
0.0525097, -0.000895462
-0.000895462, 0.00128241
0.0521558, -0.00089516
-0.00089516, 0.00128414
0.0518039, -0.000894694
-0.000894694, 0.00128584
0.0514537, -0.000894065
-0.000894065, 0.00128751
0.0511055, -0.000893272
-0.000893272, 0.00128915
0.050759, -0.000892316
-0.000892316, 0.00129075
0.0504143, -0.000891196
-0.000891196, 0.00129233
0.0500714, -0.000889913
-0.000889913, 0.00129388
0.0497303, -0.000888469
-0.000888469, 0.00129539
0.0493908, -0.000886863
-0.000886863, 0.00129688
0.0490531, -0.000885098
-0.000885098, 0.00129834
0.048717, -0.000883175
-0.000883175, 0.00129977
0.0483825, -0.000881096
-0.000881096, 0.00130116
0.0480496, -0.000878863
-0.000878863, 0.00130252
0.0477183, -0.000876478
-0.000876478, 0.00130386
0.0473884, -0.000873945
-0.000873945, 0.00130515
0.0470601, -0.000871266
-0.000871266, 0.00130642
0.0467331, -0.000868446
-0.000868446, 0.00130764
0.0464076, -0.000865487
-0.000865487, 0.00130883
0.0460834, -0.000862393
-0.000862393, 0.00130998
0.0457606, -0.00085917
-0.00085917, 0.00131108
0.045439, -0.000855822
-0.000855822, 0.00131214
0.0451186, -0.000852354
-0.000852354, 0.00131315
0.0447995, -0.000848772
-0.000848772, 0.00131411
0.0444815, -0.000845081
-0.000845081, 0.00131502
0.0441646, -0.000841288
-0.000841288, 0.00131586
0.0438489, -0.000837399
-0.000837399, 0.00131665
0.0435342, -0.000833422
-0.000833422, 0.00131736
0.0432205, -0.000829363
-0.000829363, 0.001318
0.0429077, -0.000825229
-0.000825229, 0.00131857
0.042596, -0.00082103
-0.00082103, 0.00131905
0.0422852, -0.000816772
-0.000816772, 0.00131943
0.0419753, -0.000812464
-0.000812464, 0.00131972
0.0416663, -0.000808115
-0.000808115, 0.0013199
0.0413581, -0.000803733
-0.000803733, 0.00131997
0.0410508, -0.000799327
-0.000799327, 0.00131992
0.0407443, -0.000794907
-0.000794907, 0.00131973
0.0404386, -0.00079048
-0.00079048, 0.0013194
0.0401338, -0.000786057
-0.000786057, 0.00131892
0.0398297, -0.000781645
-0.000781645, 0.00131828
0.0395265, -0.000777253
-0.000777253, 0.00131746
0.039224, -0.000772891
-0.000772891, 0.00131646
0.0389224, -0.000768565
-0.000768565, 0.00131526
0.0386216, -0.000764284
-0.000764284, 0.00131385
0.0383217, -0.000760054
-0.000760054, 0.00131221
0.0380226, -0.000755882
-0.000755882, 0.00131034
0.0377243, -0.000751774
-0.000751774, 0.00130821
0.037427, -0.000747734
-0.000747734, 0.00130582
0.0371307, -0.000743765
-0.000743765, 0.00130314
0.0368353, -0.000739872
-0.000739872, 0.00130017
0.0365409, -0.000736054
-0.000736054, 0.00129688
0.0362476, -0.000732311
-0.000732311, 0.00129327
0.0359554, -0.000728643
-0.000728643, 0.00128931
0.0356643, -0.000725044
-0.000725044, 0.00128499
0.0353745, -0.00072151
-0.00072151, 0.0012803
0.035086, -0.000718034
-0.000718034, 0.00127522
0.0347988, -0.000714605
-0.000714605, 0.00126973
0.034513, -0.000711212
-0.000711212, 0.00126383
0.0342287, -0.000707841
-0.000707841, 0.0012575
0.0339459, -0.000704474
-0.000704474, 0.00125072
0.0336648, -0.000701093
-0.000701093, 0.00124348
0.0333853, -0.000697676
-0.000697676, 0.00123578
0.0331075, -0.000694198
-0.000694198, 0.00122761
0.0328316, -0.000690631
-0.000690631, 0.00121895
0.0325575, -0.000686946
-0.000686946, 0.00120981
0.0322853, -0.00068311
-0.00068311, 0.00120017
0.0320152, -0.000679088
-0.000679088, 0.00119003
0.031747, -0.000674842
-0.000674842, 0.0011794
0.031481, -0.000670332
-0.000670332, 0.00116828
0.0312171, -0.000665515
-0.000665515, 0.00115667
0.0309553, -0.000660348
-0.000660348, 0.00114458
0.0306957, -0.000654784
-0.000654784, 0.00113201
0.0304382, -0.000648778
-0.000648778, 0.00111899
0.030183, -0.00064228
-0.00064228, 0.00110552
0.0299299, -0.000635241
-0.000635241, 0.00109163
0.0296789, -0.000627614
-0.000627614, 0.00107733
0.02943, -0.000619348
-0.000619348, 0.00106265
0.0291832, -0.000610397
-0.000610397, 0.00104762
0.0289383, -0.000600713
-0.000600713, 0.00103226
0.0286953, -0.000590252
-0.000590252, 0.00101661
0.0284541, -0.000578969
-0.000578969, 0.0010007
0.0282146, -0.000566827
-0.000566827, 0.00098457
0.0279767, -0.000553787
-0.000553787, 0.000968258
0.0277401, -0.000539817
-0.000539817, 0.000951806
0.0275048, -0.000524888
-0.000524888, 0.000935256
0.0272706, -0.000508976
-0.000508976, 0.000918654
0.0270372, -0.000492063
-0.000492063, 0.000902045
0.0268046, -0.000474135
-0.000474135, 0.000885476
0.0265725, -0.000455185
-0.000455185, 0.000868994
0.0263406, -0.000435212
-0.000435212, 0.000852646
0.0261088, -0.00041422
-0.00041422, 0.00083648
0.0258769, -0.000392223
-0.000392223, 0.000820543
0.0256446, -0.000369238
-0.000369238, 0.000804881
0.0254116, -0.000345289
-0.000345289, 0.000789539
0.0251778, -0.000320408
-0.000320408, 0.000774561
0.0249429, -0.000294634
-0.000294634, 0.000759987
0.0247067, -0.000268009
-0.000268009, 0.000745859
0.024469, -0.000240583
-0.000240583, 0.000732213
0.0242295, -0.000212412
-0.000212412, 0.000719085
0.0239881, -0.000183556
-0.000183556, 0.000706506
0.0237446, -0.00015408
-0.00015408, 0.000694506
0.0234987, -0.000124053
-0.000124053, 0.00068311
0.0232504, -9.35487e-05
-9.35487e-05, 0.000672343
0.0229994, -6.26428e-05
-6.26428e-05, 0.000662223
0.0227457, -3.1414e-05
-3.1414e-05, 0.000652766
0.0224891, 5.72142e-08
5.72142e-08, 0.000643986
0.0222296, 3.16889e-05
3.16889e-05, 0.000635893
0.021967, 6.33982e-05
6.33982e-05, 0.000628492
0.0217014, 9.51024e-05
9.51024e-05, 0.000621788
0.0214326, 0.000126719
0.000126719, 0.000615779
0.0211607, 0.000158166
0.000158166, 0.000610463
0.0208857, 0.000189363
0.000189363, 0.000605835
0.0206075, 0.000220233
0.000220233, 0.000601886
0.0203263, 0.000250698
0.000250698, 0.000598605
0.0200421, 0.000280686
0.000280686, 0.000595979
0.019755, 0.000310126
0.000310126, 0.000593992
0.0194651, 0.000338952
0.000338952, 0.000592629
0.0191725, 0.000367101
0.000367101, 0.000591869
0.0188774, 0.000394512
0.000394512, 0.000591692
0.0185799, 0.000421131
0.000421131, 0.000592077
0.0182801, 0.000446906
0.000446906, 0.000593001
0.0179783, 0.000471791
0.000471791, 0.000594439
0.0176747, 0.000495743
0.000495743, 0.000596369
0.0173694, 0.000518725
0.000518725, 0.000598764
0.0170626, 0.000540701
0.000540701, 0.000601599
0.0167545, 0.000561643
0.000561643, 0.000604849
0.0164455, 0.000581526
0.000581526, 0.000608488
0.0161357, 0.000600328
0.000600328, 0.000612491
0.0158253, 0.000618032
0.000618032, 0.000616831
0.0155147, 0.000634625
0.000634625, 0.000621483
0.0152039, 0.000650097
0.000650097, 0.000626423
0.0148934, 0.000664444
0.000664444, 0.000631627
0.0145832, 0.000677661
0.000677661, 0.000637069
0.0142738, 0.00068975
0.00068975, 0.000642728
0.0139652, 0.000700716
0.000700716, 0.00064858
0.0136578, 0.000710563
0.000710563, 0.000654603
0.0133517, 0.000719304
0.000719304, 0.000660776
0.0130473, 0.000726948
0.000726948, 0.000667078
0.0127448, 0.000733511
0.000733511, 0.000673489
0.0124443, 0.000739008
0.000739008, 0.000679992
0.0121461, 0.00074346
0.00074346, 0.000686566
0.0118505, 0.000746886
0.000746886, 0.000693195
0.0115576, 0.000749307
0.000749307, 0.000699861
0.0112676, 0.000750748
0.000750748, 0.00070655
0.0109807, 0.000751234
0.000751234, 0.000713246
0.0106972, 0.000750791
0.000750791, 0.000719933
0.0104172, 0.000749445
0.000749445, 0.000726599
0.0101409, 0.000747226
0.000747226, 0.00073323
0.00986837, 0.000744163
0.000744163, 0.000739814
0.0095999, 0.000740284
0.000740284, 0.000746339
0.00933559, 0.000735622
0.000735622, 0.000752794
0.00907559, 0.000730206
0.000730206, 0.000759168
0.00882003, 0.000724069
0.000724069, 0.000765452
0.00856904, 0.000717242
0.000717242, 0.000771635
0.00832273, 0.000709758
0.000709758, 0.000777708
0.00808122, 0.000701648
0.000701648, 0.000783664
0.00784459, 0.000692946
0.000692946, 0.000789494
0.00761295, 0.000683683
0.000683683, 0.000795191
0.00738637, 0.000673892
0.000673892, 0.000800748
0.00716492, 0.000663606
0.000663606, 0.000806157
0.00694867, 0.000652857
0.000652857, 0.000811412
0.00673766, 0.000641677
0.000641677, 0.000816508
0.00653195, 0.000630098
0.000630098, 0.000821439
0.00633157, 0.000618152
0.000618152, 0.000826199
0.00613654, 0.000605869
0.000605869, 0.000830783
0.00594688, 0.000593281
0.000593281, 0.000835188
0.0057626, 0.000580418
0.000580418, 0.000839407
0.00558369, 0.00056731
0.00056731, 0.000843438
0.00541016, 0.000553986
0.000553986, 0.000847275
0.00524197, 0.000540476
0.000540476, 0.000850917
0.00507911, 0.000526808
0.000526808, 0.000854359
0.00492153, 0.000513008
0.000513008, 0.000857598
0.00476921, 0.000499105
0.000499105, 0.000860632
0.00462207, 0.000485124
0.000485124, 0.000863457
0.00448008, 0.000471092
0.000471092, 0.000866072
0.00434316, 0.000457032
0.000457032, 0.000868475
0.00421125, 0.000442968
0.000442968, 0.000870663
0.00408425, 0.000428924
0.000428924, 0.000872635
0.0039621, 0.000414922
0.000414922, 0.000874389
0.00384469, 0.000400984
0.000400984, 0.000875925
0.00373194, 0.000387129
0.000387129, 0.000877241
0.00362373, 0.000373378
0.000373378, 0.000878337
0.00351997, 0.000359748
0.000359748, 0.000879213
0.00342054, 0.000346258
0.000346258, 0.000879868
0.00332533, 0.000332924
0.000332924, 0.000880303
0.00323422, 0.000319762
0.000319762, 0.000880517
0.00314709, 0.000306786
0.000306786, 0.000880512
0.00306381, 0.000294011
0.000294011, 0.000880289
0.00298425, 0.00028145
0.00028145, 0.000879848
0.0029083, 0.000269113
0.000269113, 0.000879192
0.00283581, 0.000257013
0.000257013, 0.000878321
0.00276666, 0.000245159
0.000245159, 0.000877238
0.00270072, 0.000233559
0.000233559, 0.000875946
0.00263785, 0.000222223
0.000222223, 0.000874446
0.00257792, 0.000211157
0.000211157, 0.000872742
0.0025208, 0.000200368
0.000200368, 0.000870837
0.00246636, 0.00018986
0.00018986, 0.000868734
0.00241448, 0.00017964
0.00017964, 0.000866438
0.00236502, 0.00016971
0.00016971, 0.000863951
0.00231786, 0.000160074
0.000160074, 0.000861279
0.00227288, 0.000150734
0.000150734, 0.000858425
0.00222996, 0.000141691
0.000141691, 0.000855395
0.00218898, 0.000132947
0.000132947, 0.000852193
0.00214983, 0.000124502
0.000124502, 0.000848825
0.00211239, 0.000116356
0.000116356, 0.000845296
0.00207655, 0.000108507
0.000108507, 0.000841613
0.00204223, 0.000100954
0.000100954, 0.00083778
0.0020093, 9.36958e-05
9.36958e-05, 0.000833804
0.00197769, 8.67292e-05
8.67292e-05, 0.000829692
0.00194729, 8.00515e-05
8.00515e-05, 0.000825449
0.00191802, 7.36594e-05
7.36594e-05, 0.000821083
0.00188979, 6.75492e-05
6.75492e-05, 0.000816601
0.00186253, 6.17168e-05
6.17168e-05, 0.000812008
0.00183616, 5.6158e-05
5.6158e-05, 0.000807313
0.0018106, 5.08679e-05
5.08679e-05, 0.000802522
0.00178578, 4.58417e-05
4.58417e-05, 0.000797643
0.00176166, 4.10742e-05
4.10742e-05, 0.000792683
0.00173815, 3.656e-05
3.656e-05, 0.00078765
0.00171522, 3.22934e-05
3.22934e-05, 0.00078255
0.0016928, 2.82688e-05
2.82688e-05, 0.000777391
0.00167085, 2.44802e-05
2.44802e-05, 0.000772182
0.00164933, 2.09215e-05
2.09215e-05, 0.000766928
0.00162818, 1.75867e-05
1.75867e-05, 0.000761637
0.00160738, 1.44695e-05
1.44695e-05, 0.000756318
0.00158688, 1.15636e-05
1.15636e-05, 0.000750977
0.00156666, 8.86264e-06
8.86264e-06, 0.000745621
0.00154669, 6.36025e-06
6.36025e-06, 0.000740258
0.00152694, 4.05e-06
4.05e-06, 0.000734894
0.00150739, 1.92549e-06
1.92549e-06, 0.000729537
0.00148801, -1.9711e-08
-1.9711e-08, 0.000724193
0.00146879, -1.79199e-06
-1.79199e-06, 0.000718869
0.00144971, -3.3977e-06
-3.3977e-06, 0.000713572
0.00143076, -4.84318e-06
-4.84318e-06, 0.000708308
0.00141192, -6.13471e-06
-6.13471e-06, 0.000703084
0.00139318, -7.27849e-06
-7.27849e-06, 0.000697905
0.00137454, -8.28067e-06
-8.28067e-06, 0.000692777
0.00135598, -9.14733e-06
-9.14733e-06, 0.000687706
0.0013375, -9.88445e-06
-9.88445e-06, 0.000682698
0.0013191, -1.04979e-05
-1.04979e-05, 0.000677757
0.00130078, -1.09935e-05
-1.09935e-05, 0.00067289
0.00128252, -1.1377e-05
-1.1377e-05, 0.000668101
0.00126433, -1.1654e-05
-1.1654e-05, 0.000663394
0.00124621, -1.18298e-05
-1.18298e-05, 0.000658774
0.00122815, -1.191e-05
-1.191e-05, 0.000654246
0.00121017, -1.18996e-05
-1.18996e-05, 0.000649814
0.00119226, -1.1804e-05
-1.1804e-05, 0.000645481
0.00117441, -1.1628e-05
-1.1628e-05, 0.000641251
0.00115665, -1.13766e-05
-1.13766e-05, 0.000637128
0.00113896, -1.10545e-05
-1.10545e-05, 0.000633114
0.00112136, -1.06663e-05
-1.06663e-05, 0.000629213
0.00110384, -1.02165e-05
-1.02165e-05, 0.000625428
0.00108641, -9.70953e-06
-9.70953e-06, 0.00062176
0.00106907, -9.14959e-06
-9.14959e-06, 0.000618212
0.00105183, -8.5408e-06
-8.5408e-06, 0.000614786
0.00103469, -7.88715e-06
-7.88715e-06, 0.000611485
0.00101766, -7.19249e-06
-7.19249e-06, 0.000608308
0.00100073, -6.46057e-06
-6.46057e-06, 0.000605258
0.000983925, -5.69499e-06
-5.69499e-06, 0.000602336
0.000967234, -4.89925e-06
-4.89925e-06, 0.000599543
0.000950666, -4.07673e-06
-4.07673e-06, 0.000596878
0.000934224, -3.23068e-06
-3.23068e-06, 0.000594342
0.000917912, -2.36424e-06
-2.36424e-06, 0.000591936
0.000901735, -1.48044e-06
-1.48044e-06, 0.000589659
0.000885695, -5.82197e-07
-5.82197e-07, 0.00058751
0.000869796, 3.27675e-07
3.27675e-07, 0.000585488
0.000854041, 1.24647e-06
1.24647e-06, 0.000583593
0.000838433, 2.17159e-06
2.17159e-06, 0.000581823
0.000822976, 3.10054e-06
3.10054e-06, 0.000580176
0.000807671, 4.0309e-06
4.0309e-06, 0.00057865
0.000792521, 4.96038e-06
4.96038e-06, 0.000577243
0.000777529, 5.88675e-06
5.88675e-06, 0.000575953
0.000762697, 6.80791e-06
6.80791e-06, 0.000574775
0.000748026, 7.7218e-06
7.7218e-06, 0.000573708
0.000733518, 8.62651e-06
8.62651e-06, 0.000572747
0.000719175, 9.52015e-06
9.52015e-06, 0.000571888
0.000704998, 1.0401e-05
1.0401e-05, 0.000571127
0.000690989, 1.12673e-05
1.12673e-05, 0.00057046
0.000677148, 1.21174e-05
1.21174e-05, 0.00056988
0.000663476, 1.29499e-05
1.29499e-05, 0.000569384
0.000649975, 1.37634e-05
1.37634e-05, 0.000568965
0.000636644, 1.45563e-05
1.45563e-05, 0.000568617
0.000623484, 1.53275e-05
1.53275e-05, 0.000568333
0.000610495, 1.60757e-05
1.60757e-05, 0.000568108
0.000597678, 1.67998e-05
1.67998e-05, 0.000567933
0.000585033, 1.74988e-05
1.74988e-05, 0.000567801
0.000572559, 1.81716e-05
1.81716e-05, 0.000567704
0.000560257, 1.88175e-05
1.88175e-05, 0.000567635
0.000548127, 1.94355e-05
1.94355e-05, 0.000567584
0.000536167, 2.00249e-05
2.00249e-05, 0.000567544
0.000524379, 2.05851e-05
2.05851e-05, 0.000567504
0.000512761, 2.11155e-05
2.11155e-05, 0.000567457
0.000501314, 2.16157e-05
2.16157e-05, 0.000567391
0.000490036, 2.20851e-05
2.20851e-05, 0.000567298
0.000478928, 2.25236e-05
2.25236e-05, 0.000567168
0.000467989, 2.29308e-05
2.29308e-05, 0.000566991
0.000457218, 2.33065e-05
2.33065e-05, 0.000566756
0.000446614, 2.36509e-05
2.36509e-05, 0.000566454
0.000436178, 2.39637e-05
2.39637e-05, 0.000566074
0.000425908, 2.42452e-05
2.42452e-05, 0.000565607
0.000415805, 2.44956e-05
2.44956e-05, 0.000565042
0.000405867, 2.4715e-05
2.4715e-05, 0.000564369
0.000396093, 2.49039e-05
2.49039e-05, 0.000563578
0.000386484, 2.50627e-05
2.50627e-05, 0.00056266
0.000377039, 2.51919e-05
2.51919e-05, 0.000561606
0.000367757, 2.52921e-05
2.52921e-05, 0.000560407
0.000358638, 2.53639e-05
2.53639e-05, 0.000559053
0.00034968, 2.54082e-05
2.54082e-05, 0.000557538
0.000340884, 2.54257e-05
2.54257e-05, 0.000555852
0.000332249, 2.54174e-05
2.54174e-05, 0.00055399
0.000323774, 2.53841e-05
2.53841e-05, 0.000551944
0.000315459, 2.53269e-05
2.53269e-05, 0.000549709
0.000307303, 2.52468e-05
2.52468e-05, 0.000547279
0.000299305, 2.5145e-05
2.5145e-05, 0.00054465
0.000291465, 2.50226e-05
2.50226e-05, 0.000541818
0.000283783, 2.48808e-05
2.48808e-05, 0.000538779
0.000276256, 2.47209e-05
2.47209e-05, 0.000535533
0.000268886, 2.4544e-05
2.4544e-05, 0.000532076
0.00026167, 2.43516e-05
2.43516e-05, 0.00052841
0.000254609, 2.41448e-05
2.41448e-05, 0.000524533
0.000247701, 2.39249e-05
2.39249e-05, 0.000520448
0.000240946, 2.36934e-05
2.36934e-05, 0.000516156
0.000234342, 2.34514e-05
2.34514e-05, 0.00051166
0.000227889, 2.32003e-05
2.32003e-05, 0.000506964
0.000221585, 2.29413e-05
2.29413e-05, 0.000502072
0.00021543, 2.26758e-05
2.26758e-05, 0.00049699
0.000209423, 2.24049e-05
2.24049e-05, 0.000491723
0.000203561, 2.21298e-05
2.21298e-05, 0.000486279
0.000197844, 2.18517e-05
2.18517e-05, 0.000480664
0.000192271, 2.15718e-05
2.15718e-05, 0.000474888
0.00018684, 2.1291e-05
2.1291e-05, 0.000468958
0.00018155, 2.10104e-05
2.10104e-05, 0.000462884
0.000176398, 2.0731e-05
2.0731e-05, 0.000456675
0.000171384, 2.04537e-05
2.04537e-05, 0.000450341
0.000166506, 2.01794e-05
2.01794e-05, 0.000443894
0.000161761, 1.99088e-05
1.99088e-05, 0.000437343
0.000157149, 1.96427e-05
1.96427e-05, 0.000430699
0.000152667, 1.93817e-05
1.93817e-05, 0.000423974
0.000148313, 1.91266e-05
1.91266e-05, 0.000417178
0.000144085, 1.88778e-05
1.88778e-05, 0.000410323
0.000139982, 1.86359e-05
1.86359e-05, 0.00040342
0.000136001, 1.84012e-05
1.84012e-05, 0.000396481
0.000132139, 1.81742e-05
1.81742e-05, 0.000389515
0.000128395, 1.79552e-05
1.79552e-05, 0.000382535
0.000124767, 1.77444e-05
1.77444e-05, 0.00037555
0.000121252, 1.75421e-05
1.75421e-05, 0.000368571
0.000117847, 1.73484e-05
1.73484e-05, 0.000361607
0.000114551, 1.71634e-05
1.71634e-05, 0.00035467
0.000111361, 1.69872e-05
1.69872e-05, 0.000347767
0.000108275, 1.68199e-05
1.68199e-05, 0.000340908
0.00010529, 1.66613e-05
1.66613e-05, 0.000334101
0.000102404, 1.65116e-05
1.65116e-05, 0.000327355
9.96147e-05, 1.63705e-05
1.63705e-05, 0.000320676
9.69192e-05, 1.6238e-05
1.6238e-05, 0.000314072
9.43154e-05, 1.61139e-05
1.61139e-05, 0.00030755
9.18007e-05, 1.59981e-05
1.59981e-05, 0.000301116
8.93729e-05, 1.58904e-05
1.58904e-05, 0.000294774
8.70294e-05, 1.57905e-05
1.57905e-05, 0.000288532
8.47681e-05, 1.56983e-05
1.56983e-05, 0.000282392
8.25864e-05, 1.56134e-05
1.56134e-05, 0.00027636
8.04822e-05, 1.55357e-05
1.55357e-05, 0.000270439
7.8453e-05, 1.5465e-05
1.5465e-05, 0.000264632
7.64967e-05, 1.54008e-05
1.54008e-05, 0.000258943
7.4611e-05, 1.5343e-05
1.5343e-05, 0.000253374
7.27937e-05, 1.52913e-05
1.52913e-05, 0.000247926
7.10427e-05, 1.52453e-05
1.52453e-05, 0.000242601
6.93558e-05, 1.52049e-05
1.52049e-05, 0.000237401
6.77309e-05, 1.51698e-05
1.51698e-05, 0.000232327
6.61661e-05, 1.51396e-05
1.51396e-05, 0.000227378
6.46593e-05, 1.51141e-05
1.51141e-05, 0.000222556
6.32085e-05, 1.5093e-05
1.5093e-05, 0.000217861
6.18119e-05, 1.50761e-05
1.50761e-05, 0.000213291
6.04676e-05, 1.50631e-05
1.50631e-05, 0.000208846
5.91737e-05, 1.50538e-05
1.50538e-05, 0.000204527
5.79286e-05, 1.50479e-05
1.50479e-05, 0.00020033
5.67305e-05, 1.50451e-05
1.50451e-05, 0.000196256
5.55777e-05, 1.50454e-05
1.50454e-05, 0.000192303
5.44685e-05, 1.50483e-05
1.50483e-05, 0.000188469
5.34015e-05, 1.50539e-05
1.50539e-05, 0.000184753
5.2375e-05, 1.50617e-05
1.50617e-05, 0.000181153
5.13876e-05, 1.50717e-05
1.50717e-05, 0.000177666
5.04379e-05, 1.50836e-05
1.50836e-05, 0.00017429
4.95244e-05, 1.50973e-05
1.50973e-05, 0.000171025
4.86457e-05, 1.51126e-05
1.51126e-05, 0.000167866
4.78007e-05, 1.51294e-05
1.51294e-05, 0.000164813
4.69879e-05, 1.51475e-05
1.51475e-05, 0.000161861
4.62062e-05, 1.51667e-05
1.51667e-05, 0.000159011
4.54544e-05, 1.5187e-05
1.5187e-05, 0.000156257
4.47314e-05, 1.52082e-05
1.52082e-05, 0.000153599
4.4036e-05, 1.52302e-05
1.52302e-05, 0.000151034
4.33671e-05, 1.52529e-05
1.52529e-05, 0.000148559
4.27238e-05, 1.52761e-05
1.52761e-05, 0.000146172
4.21051e-05, 1.52999e-05
1.52999e-05, 0.00014387
4.151e-05, 1.5324e-05
1.5324e-05, 0.000141651
4.09375e-05, 1.53484e-05
1.53484e-05, 0.000139513
4.03868e-05, 1.53731e-05
1.53731e-05, 0.000137452
3.98571e-05, 1.53979e-05
1.53979e-05, 0.000135468
3.93475e-05, 1.54228e-05
1.54228e-05, 0.000133556
3.88573e-05, 1.54478e-05
1.54478e-05, 0.000131716
3.83856e-05, 1.54727e-05
1.54727e-05, 0.000129944
3.79317e-05, 1.54975e-05
1.54975e-05, 0.000128239
3.74949e-05, 1.55223e-05
1.55223e-05, 0.000126598
3.70747e-05, 1.55468e-05
1.55468e-05, 0.000125019
3.66702e-05, 1.55712e-05
1.55712e-05, 0.0001235
3.62809e-05, 1.55953e-05
1.55953e-05, 0.000122039
3.59062e-05, 1.56191e-05
1.56191e-05, 0.000120634
3.55455e-05, 1.56427e-05
1.56427e-05, 0.000119283
3.51982e-05, 1.56659e-05
1.56659e-05, 0.000117985
3.48639e-05, 1.56887e-05
1.56887e-05, 0.000116736
3.4542e-05, 1.57112e-05
1.57112e-05, 0.000115536
3.42319e-05, 1.57333e-05
1.57333e-05, 0.000114383
3.39334e-05, 1.5755e-05
1.5755e-05, 0.000113274
3.36458e-05, 1.57763e-05
1.57763e-05, 0.000112209
3.33688e-05, 1.57972e-05
1.57972e-05, 0.000111186
3.31019e-05, 1.58176e-05
1.58176e-05, 0.000110203
3.28448e-05, 1.58376e-05
1.58376e-05, 0.000109259
3.2597e-05, 1.58571e-05
1.58571e-05, 0.000108352
3.23582e-05, 1.58762e-05
1.58762e-05, 0.00010748
3.21281e-05, 1.58948e-05
1.58948e-05, 0.000106644
3.19063e-05, 1.59129e-05
1.59129e-05, 0.00010584
3.16924e-05, 1.59306e-05
1.59306e-05, 0.000105068
3.14862e-05, 1.59478e-05
1.59478e-05, 0.000104327
3.12874e-05, 1.59646e-05
1.59646e-05, 0.000103615
3.10957e-05, 1.59809e-05
1.59809e-05, 0.000102932
3.09107e-05, 1.59968e-05
1.59968e-05, 0.000102276
3.07323e-05, 1.60122e-05
1.60122e-05, 0.000101646
3.05602e-05, 1.60271e-05
1.60271e-05, 0.000101041
3.03942e-05, 1.60416e-05
1.60416e-05, 0.000100461
3.02339e-05, 1.60557e-05
1.60557e-05, 9.99033e-05
3.00793e-05, 1.60694e-05
1.60694e-05, 9.93681e-05
2.993e-05, 1.60826e-05
1.60826e-05, 9.88544e-05
2.97858e-05, 1.60954e-05
1.60954e-05, 9.83612e-05
2.96467e-05, 1.61078e-05
1.61078e-05, 9.78877e-05
2.95123e-05, 1.61198e-05
1.61198e-05, 9.74332e-05
2.93826e-05, 1.61313e-05
1.61313e-05, 9.69969e-05
2.92572e-05, 1.61425e-05
1.61425e-05, 9.6578e-05
2.91361e-05, 1.61533e-05
1.61533e-05, 9.61759e-05
2.90191e-05, 1.61638e-05
1.61638e-05, 9.57899e-05
2.89061e-05, 1.61739e-05
1.61739e-05, 9.54193e-05
2.87968e-05, 1.61836e-05
1.61836e-05, 9.50636e-05
2.86912e-05, 1.61929e-05
1.61929e-05, 9.47221e-05
2.85892e-05, 1.62019e-05
1.62019e-05, 9.43942e-05
2.84905e-05, 1.62106e-05
1.62106e-05, 9.40795e-05
2.8395e-05, 1.6219e-05
1.6219e-05, 9.37773e-05
2.83028e-05, 1.6227e-05
1.6227e-05, 9.34871e-05
2.82135e-05, 1.62347e-05
1.62347e-05, 9.32086e-05
2.81271e-05, 1.62421e-05
1.62421e-05, 9.29412e-05
2.80436e-05, 1.62493e-05
1.62493e-05, 9.26844e-05
2.79628e-05, 1.62561e-05
1.62561e-05, 9.24378e-05
2.78845e-05, 1.62626e-05
1.62626e-05, 9.22011e-05
2.78088e-05, 1.62689e-05
1.62689e-05, 9.19738e-05
2.77355e-05, 1.62749e-05
1.62749e-05, 9.17555e-05
2.76646e-05, 1.62807e-05
1.62807e-05, 9.15459e-05
2.75959e-05, 1.62862e-05
1.62862e-05, 9.13446e-05
2.75293e-05, 1.62915e-05
1.62915e-05, 9.11513e-05
2.74649e-05, 1.62965e-05
1.62965e-05, 9.09656e-05
2.74024e-05, 1.63013e-05
1.63013e-05, 9.07873e-05
2.7342e-05, 1.63059e-05
1.63059e-05, 9.0616e-05
2.72834e-05, 1.63102e-05
1.63102e-05, 9.04515e-05
2.72266e-05, 1.63144e-05
1.63144e-05, 9.02935e-05
2.71715e-05, 1.63183e-05
1.63183e-05, 9.01417e-05
2.71182e-05, 1.63221e-05
1.63221e-05, 8.99959e-05
2.70665e-05, 1.63257e-05
1.63257e-05, 8.98558e-05
2.70163e-05, 1.6329e-05
1.6329e-05, 8.97212e-05
2.69677e-05, 1.63322e-05
1.63322e-05, 8.95919e-05
2.69205e-05, 1.63353e-05
1.63353e-05, 8.94676e-05
2.68748e-05, 1.63381e-05
1.63381e-05, 8.93482e-05
2.68304e-05, 1.63408e-05
1.63408e-05, 8.92335e-05
2.67873e-05, 1.63434e-05
1.63434e-05, 8.91233e-05
